Type,Air temperature C,Process temperature C,Rotational speed rpm,Torque Nm,Tool wear min,Target,Failure Type,dateTime,Temperature difference C
H,26.25,36.75,1782,23.9,24,0,No Failure,2022-01-22 13:00:50,10.5
H,26.450000000000045,36.950000000000045,1423,44.3,29,0,No Failure,2022-01-22 13:00:55,10.5
H,26.650000000000034,37.05000000000001,1306,54.5,50,0,No Failure,2022-01-22 13:01:30,10.399999999999977
H,26.75,37.150000000000034,1375,42.7,58,0,No Failure,2022-01-22 13:01:40,10.400000000000034
H,26.950000000000045,37.25,1811,24.6,77,0,No Failure,2022-01-22 13:02:15,10.299999999999955
H,26.75,37.05000000000001,1379,50.7,106,0,No Failure,2022-01-22 13:03:10,10.300000000000011
H,26.650000000000034,37.05000000000001,1372,48.5,120,0,No Failure,2022-01-22 13:03:35,10.399999999999977
H,26.650000000000034,37.05000000000001,1425,53.9,135,0,No Failure,2022-01-22 13:04:00,10.399999999999977
H,26.650000000000034,36.85000000000002,1497,43.8,147,0,No Failure,2022-01-22 13:04:20,10.199999999999989
H,26.650000000000034,36.75,1466,44.1,184,0,No Failure,2022-01-22 13:05:35,10.099999999999966
H,26.650000000000034,36.650000000000034,1445,49.9,4,0,No Failure,2022-01-22 13:06:40,10.0
H,26.850000000000023,36.85000000000002,1436,43.9,20,0,No Failure,2022-01-22 13:07:10,10.0
H,26.75,36.650000000000034,1621,32.7,75,0,No Failure,2022-01-22 13:09:00,9.900000000000034
H,26.55000000000001,36.450000000000045,1499,43.5,84,0,No Failure,2022-01-22 13:09:15,9.900000000000034
H,26.55000000000001,36.35000000000002,1420,45.7,143,0,No Failure,2022-01-22 13:11:20,9.800000000000011
H,26.650000000000034,36.450000000000045,1449,49.4,150,0,No Failure,2022-01-22 13:11:30,9.800000000000011
H,26.450000000000045,36.25,1407,50.5,164,0,No Failure,2022-01-22 13:11:55,9.799999999999955
H,26.350000000000023,36.25,1612,36.1,174,0,No Failure,2022-01-22 13:12:10,9.899999999999977
H,26.25,36.05000000000001,1987,19.8,198,0,No Failure,2022-01-22 13:12:55,9.800000000000011
H,26.25,36.05000000000001,1478,43.5,206,0,No Failure,2022-01-22 13:13:05,9.800000000000011
H,26.25,36.05000000000001,1612,32.6,10,0,No Failure,2022-01-22 13:13:50,9.800000000000011
H,26.25,36.150000000000034,1458,42.9,15,0,No Failure,2022-01-22 13:13:55,9.900000000000034
H,26.05000000000001,36.150000000000034,1824,24.2,49,0,No Failure,2022-01-22 13:15:05,10.100000000000023
H,26.05000000000001,36.25,1398,51.8,76,0,No Failure,2022-01-22 13:16:00,10.199999999999989
H,26.05000000000001,36.25,1678,34.6,81,0,No Failure,2022-01-22 13:16:05,10.199999999999989
H,26.150000000000034,36.450000000000045,1432,49.5,91,0,No Failure,2022-01-22 13:16:20,10.300000000000011
H,26.25,36.55000000000001,1344,52.9,130,0,No Failure,2022-01-22 13:17:40,10.300000000000011
H,26.25,36.35000000000002,1827,24.3,153,0,No Failure,2022-01-22 13:18:25,10.100000000000023
H,25.850000000000023,35.950000000000045,1440,43.7,37,0,No Failure,2022-01-22 13:22:10,10.100000000000023
H,25.75,35.85000000000002,1800,24.8,44,0,No Failure,2022-01-22 13:22:20,10.100000000000023
H,25.850000000000023,35.85000000000002,1520,39.6,51,0,No Failure,2022-01-22 13:22:30,10.0
H,25.850000000000023,35.85000000000002,1479,50.7,70,0,No Failure,2022-01-22 13:23:05,10.0
H,26.05000000000001,36.25,1385,42.2,98,0,No Failure,2022-01-22 13:24:00,10.199999999999989
H,25.950000000000045,36.35000000000002,1392,44.8,111,0,No Failure,2022-01-22 13:24:25,10.399999999999977
H,25.75,36.35000000000002,2129,18.7,126,0,No Failure,2022-01-22 13:24:50,10.600000000000023
H,25.650000000000034,36.25,1512,35.1,138,0,No Failure,2022-01-22 13:25:10,10.599999999999966
H,25.850000000000023,36.450000000000045,1526,41.8,160,0,No Failure,2022-01-22 13:25:50,10.600000000000023
H,25.650000000000034,36.25,1550,38.2,185,0,No Failure,2022-01-22 13:26:40,10.599999999999966
H,25.450000000000045,36.25,1703,31.4,205,0,No Failure,2022-01-22 13:27:20,10.799999999999955
H,25.55000000000001,36.35000000000002,1720,29.9,210,0,No Failure,2022-01-22 13:27:25,10.800000000000011
H,25.450000000000045,36.150000000000034,1400,44.3,43,0,No Failure,2022-01-22 13:29:10,10.699999999999989
H,25.350000000000023,36.150000000000034,1674,30.0,54,0,No Failure,2022-01-22 13:29:25,10.800000000000011
H,25.450000000000045,36.150000000000034,1640,30.9,79,0,No Failure,2022-01-22 13:30:10,10.699999999999989
H,25.350000000000023,36.25,1587,36.1,98,0,No Failure,2022-01-22 13:30:45,10.899999999999977
H,25.25,36.150000000000034,1502,43.6,169,0,No Failure,2022-01-22 13:33:10,10.900000000000034
H,25.350000000000023,36.35000000000002,1393,46.6,56,0,No Failure,2022-01-22 13:36:45,11.0
H,25.25,36.35000000000002,1469,45.1,63,0,No Failure,2022-01-22 13:36:55,11.100000000000023
H,25.350000000000023,36.450000000000045,1440,46.1,84,0,No Failure,2022-01-22 13:37:35,11.100000000000023
H,25.150000000000034,36.55000000000001,1478,47.6,98,0,No Failure,2022-01-22 13:38:00,11.399999999999977
H,25.150000000000034,36.450000000000045,1431,42.0,109,0,No Failure,2022-01-22 13:38:20,11.300000000000011
H,25.150000000000034,36.650000000000034,1499,44.2,134,0,No Failure,2022-01-22 13:39:10,11.5
H,25.150000000000034,36.650000000000034,1419,42.4,139,0,No Failure,2022-01-22 13:39:15,11.5
H,25.25,36.85000000000002,1468,41.4,156,0,No Failure,2022-01-22 13:39:45,11.600000000000023
H,25.350000000000023,37.150000000000034,1459,49.7,201,0,No Failure,2022-01-22 13:41:15,11.800000000000011
H,25.650000000000034,37.25,1445,48.2,10,0,No Failure,2022-01-22 13:42:15,11.599999999999966
H,25.25,37.150000000000034,1365,52.4,76,0,No Failure,2022-01-22 13:44:35,11.900000000000034
H,25.25,37.150000000000034,1516,43.0,83,0,No Failure,2022-01-22 13:44:45,11.900000000000034
H,25.350000000000023,37.150000000000034,1563,36.1,100,0,No Failure,2022-01-22 13:45:15,11.800000000000011
H,25.350000000000023,37.25,1368,45.3,129,0,No Failure,2022-01-22 13:46:10,11.899999999999977
H,25.450000000000045,37.450000000000045,1669,32.1,155,0,No Failure,2022-01-22 13:47:00,12.0
H,25.55000000000001,37.55000000000001,1570,35.8,160,0,No Failure,2022-01-22 13:47:05,12.0
H,25.55000000000001,37.55000000000001,1440,51.1,191,0,No Failure,2022-01-22 13:48:00,12.0
H,25.55000000000001,37.450000000000045,1697,32.2,210,0,No Failure,2022-01-22 13:48:35,11.900000000000034
H,25.450000000000045,37.450000000000045,1419,48.2,215,0,No Failure,2022-01-22 13:48:40,12.0
H,25.450000000000045,37.35000000000002,1623,33.1,224,0,No Failure,2022-01-22 13:48:55,11.899999999999977
H,25.350000000000023,37.150000000000034,1525,41.7,235,0,No Failure,2022-01-22 13:49:15,11.800000000000011
H,25.350000000000023,37.35000000000002,1668,27.9,240,0,No Failure,2022-01-22 13:49:20,12.0
H,25.450000000000045,37.450000000000045,1278,50.4,2,0,No Failure,2022-01-22 13:49:30,12.0
H,25.450000000000045,37.450000000000045,1428,46.6,13,0,No Failure,2022-01-22 13:49:45,12.0
H,25.55000000000001,37.55000000000001,1616,31.1,20,0,No Failure,2022-01-22 13:49:55,12.0
H,25.950000000000045,37.75,1686,29.1,60,0,No Failure,2022-01-22 13:51:20,11.799999999999955
H,26.05000000000001,37.85000000000002,1433,44.2,68,0,No Failure,2022-01-22 13:51:30,11.800000000000011
H,26.150000000000034,37.950000000000045,1509,37.6,85,0,No Failure,2022-01-22 13:52:00,11.800000000000011
H,26.150000000000034,37.85000000000002,1419,47.1,105,0,No Failure,2022-01-22 13:52:40,11.699999999999989
H,25.55000000000001,37.25,1608,30.2,135,0,No Failure,2022-01-22 13:53:40,11.699999999999989
H,25.55000000000001,37.150000000000034,1400,48.9,147,0,No Failure,2022-01-22 13:54:00,11.600000000000023
H,25.350000000000023,36.75,1471,37.7,197,0,No Failure,2022-01-22 13:55:45,11.399999999999977
H,25.75,37.05000000000001,1577,34.7,5,0,No Failure,2022-01-22 13:56:20,11.300000000000011
H,25.650000000000034,36.85000000000002,1410,48.8,23,0,No Failure,2022-01-22 13:56:50,11.199999999999989
H,25.450000000000045,36.85000000000002,1735,26.4,41,0,No Failure,2022-01-22 13:57:20,11.399999999999977
H,25.450000000000045,36.85000000000002,1354,55.6,46,0,No Failure,2022-01-22 13:57:25,11.399999999999977
H,25.450000000000045,36.85000000000002,1413,40.2,51,0,No Failure,2022-01-22 13:57:30,11.399999999999977
H,25.350000000000023,36.55000000000001,1416,39.2,74,0,No Failure,2022-01-22 13:58:15,11.199999999999989
H,25.55000000000001,36.75,1479,40.9,87,0,No Failure,2022-01-22 13:58:35,11.199999999999989
H,25.25,36.450000000000045,1420,45.8,120,0,No Failure,2022-01-22 13:59:40,11.200000000000045
H,25.150000000000034,36.450000000000045,1499,37.6,147,0,No Failure,2022-01-22 14:00:35,11.300000000000011
H,24.850000000000023,36.25,1305,54.6,168,0,No Failure,2022-01-22 14:01:10,11.399999999999977
H,24.75,36.150000000000034,1474,39.2,177,0,No Failure,2022-01-22 14:01:25,11.400000000000034
H,24.55000000000001,35.950000000000045,1528,46.3,203,0,No Failure,2022-01-22 14:02:20,11.400000000000034
H,24.650000000000034,35.950000000000045,1492,43.7,222,0,No Failure,2022-01-22 14:02:55,11.300000000000011
H,24.650000000000034,35.85000000000002,1311,58.6,19,0,No Failure,2022-01-22 14:04:15,11.199999999999989
H,24.650000000000034,35.85000000000002,1453,51.0,24,0,No Failure,2022-01-22 14:04:20,11.199999999999989
H,24.55000000000001,35.75,1579,33.4,50,0,No Failure,2022-01-22 14:05:15,11.199999999999989
H,24.75,35.75,1547,32.6,79,0,No Failure,2022-01-22 14:06:10,11.0
H,24.75,35.650000000000034,1549,37.8,104,0,No Failure,2022-01-22 14:06:55,10.900000000000034
H,24.450000000000045,35.25,1333,50.2,177,0,No Failure,2022-01-22 14:09:30,10.799999999999955
H,24.450000000000045,35.25,1406,41.5,189,0,No Failure,2022-01-22 14:09:50,10.799999999999955
H,24.25,35.25,1586,35.5,0,0,No Failure,2022-01-22 14:10:45,11.0
H,24.05000000000001,34.85000000000002,1542,40.6,28,0,No Failure,2022-01-22 14:11:35,10.800000000000011
H,23.950000000000045,34.75,1541,32.6,33,0,No Failure,2022-01-22 14:11:40,10.799999999999955
H,23.950000000000045,34.650000000000034,1645,31.0,41,0,No Failure,2022-01-22 14:11:50,10.699999999999989
H,23.75,34.35000000000002,1594,33.2,55,0,No Failure,2022-01-22 14:12:15,10.600000000000023
H,23.55000000000001,34.05000000000001,2161,16.5,105,0,No Failure,2022-01-22 14:13:55,10.5
H,23.450000000000045,34.05000000000001,1329,55.3,135,0,No Failure,2022-01-22 14:14:55,10.599999999999966
H,23.450000000000045,33.950000000000045,1256,62.3,142,0,No Failure,2022-01-22 14:15:05,10.5
H,23.55000000000001,34.05000000000001,1458,49.8,151,0,No Failure,2022-01-22 14:15:20,10.5
H,23.350000000000023,33.75,1593,37.2,197,0,No Failure,2022-01-22 14:16:45,10.399999999999977
H,23.450000000000045,33.950000000000045,1623,30.9,210,0,No Failure,2022-01-22 14:17:05,10.5
H,23.450000000000045,33.85000000000002,1396,52.4,0,0,No Failure,2022-01-22 14:17:15,10.399999999999977
H,23.450000000000045,34.150000000000034,1509,35.8,60,0,No Failure,2022-01-22 14:19:15,10.699999999999989
H,23.450000000000045,34.05000000000001,1414,42.5,69,0,No Failure,2022-01-22 14:19:30,10.599999999999966
H,23.450000000000045,34.05000000000001,1632,32.2,76,0,No Failure,2022-01-22 14:19:40,10.599999999999966
H,24.25,34.950000000000045,1638,32.5,146,0,No Failure,2022-01-22 14:22:10,10.700000000000045
H,24.150000000000034,34.950000000000045,1774,25.9,154,0,No Failure,2022-01-22 14:22:20,10.800000000000011
H,24.150000000000034,35.05000000000001,1424,42.0,196,0,No Failure,2022-01-22 14:23:40,10.899999999999977
H,24.25,35.35000000000002,1556,38.0,62,0,No Failure,2022-01-22 14:26:05,11.100000000000023
H,24.25,35.35000000000002,1596,35.1,75,0,No Failure,2022-01-22 14:26:25,11.100000000000023
H,24.25,35.35000000000002,1403,52.8,94,0,No Failure,2022-01-22 14:27:05,11.100000000000023
H,24.650000000000034,35.650000000000034,1627,30.5,117,0,No Failure,2022-01-22 14:27:50,11.0
H,24.55000000000001,35.75,1424,53.8,133,0,No Failure,2022-01-22 14:28:20,11.199999999999989
H,24.75,35.650000000000034,1345,54.5,172,0,No Failure,2022-01-22 14:29:35,10.900000000000034
H,24.75,35.55000000000001,1656,30.8,181,0,No Failure,2022-01-22 14:29:50,10.800000000000011
H,24.950000000000045,35.75,1420,39.8,192,0,No Failure,2022-01-22 14:30:10,10.799999999999955
H,24.75,35.650000000000034,1549,35.8,206,1,Tool Wear Failure,2022-01-22 14:30:35,10.900000000000034
H,24.75,35.35000000000002,1397,48.3,22,0,No Failure,2022-01-22 14:31:25,10.600000000000023
H,24.650000000000034,35.35000000000002,1695,30.0,33,0,No Failure,2022-01-22 14:31:40,10.699999999999989
H,24.55000000000001,35.35000000000002,1607,33.6,38,0,No Failure,2022-01-22 14:31:45,10.800000000000011
H,24.350000000000023,35.25,1432,49.2,64,0,No Failure,2022-01-22 14:32:35,10.899999999999977
H,24.25,35.150000000000034,1540,37.4,75,0,No Failure,2022-01-22 14:32:50,10.900000000000034
H,24.450000000000045,35.55000000000001,1654,31.0,91,0,No Failure,2022-01-22 14:33:20,11.099999999999966
H,24.450000000000045,35.55000000000001,1386,62.3,100,1,Power Failure,2022-01-22 14:33:35,11.099999999999966
H,24.850000000000023,35.75,1448,45.6,172,0,No Failure,2022-01-22 14:36:05,10.899999999999977
H,24.850000000000023,35.75,1846,27.3,179,0,No Failure,2022-01-22 14:36:15,10.899999999999977
H,24.850000000000023,35.650000000000034,1404,40.7,184,0,No Failure,2022-01-22 14:36:20,10.800000000000011
H,24.850000000000023,35.55000000000001,1834,23.8,195,0,No Failure,2022-01-22 14:36:40,10.699999999999989
H,24.850000000000023,35.950000000000045,1517,41.4,222,0,No Failure,2022-01-22 14:37:35,11.100000000000023
H,24.950000000000045,35.85000000000002,1559,38.8,229,0,No Failure,2022-01-22 14:37:45,10.899999999999977
H,25.150000000000034,36.25,1531,35.6,16,0,No Failure,2022-01-22 14:38:20,11.099999999999966
H,24.75,35.75,1557,36.5,63,0,No Failure,2022-01-22 14:39:50,11.0
H,24.850000000000023,35.950000000000045,1410,47.6,79,0,No Failure,2022-01-22 14:40:15,11.100000000000023
H,24.75,35.85000000000002,1318,53.5,88,0,No Failure,2022-01-22 14:40:30,11.100000000000023
H,24.850000000000023,35.950000000000045,2540,13.3,98,0,No Failure,2022-01-22 14:40:45,11.100000000000023
H,24.75,35.85000000000002,1416,46.9,105,0,No Failure,2022-01-22 14:40:55,11.100000000000023
H,24.950000000000045,36.150000000000034,1492,41.5,141,0,No Failure,2022-01-22 14:42:05,11.199999999999989
H,25.05000000000001,36.35000000000002,2440,14.0,166,0,No Failure,2022-01-22 14:42:50,11.300000000000011
H,24.950000000000045,36.25,1654,31.4,171,0,No Failure,2022-01-22 14:42:55,11.299999999999955
H,24.950000000000045,36.25,1359,46.6,176,0,No Failure,2022-01-22 14:43:00,11.299999999999955
H,25.05000000000001,36.35000000000002,1482,39.3,187,0,No Failure,2022-01-22 14:43:15,11.300000000000011
H,25.05000000000001,36.35000000000002,1653,33.3,207,0,No Failure,2022-01-22 14:43:50,11.300000000000011
H,25.350000000000023,36.650000000000034,1430,49.4,2,0,No Failure,2022-01-22 14:44:30,11.300000000000011
H,25.350000000000023,36.75,1419,50.7,7,0,No Failure,2022-01-22 14:44:35,11.399999999999977
H,25.450000000000045,36.85000000000002,1885,25.2,24,0,No Failure,2022-01-22 14:45:05,11.399999999999977
H,25.650000000000034,37.05000000000001,1648,33.0,29,0,No Failure,2022-01-22 14:45:10,11.399999999999977
H,25.850000000000023,37.25,1490,40.5,53,0,No Failure,2022-01-22 14:45:55,11.399999999999977
H,25.850000000000023,37.25,1562,38.1,58,0,No Failure,2022-01-22 14:46:00,11.399999999999977
H,25.950000000000045,37.35000000000002,1530,40.2,65,0,No Failure,2022-01-22 14:46:10,11.399999999999977
H,26.150000000000034,37.35000000000002,1521,37.1,84,0,No Failure,2022-01-22 14:46:40,11.199999999999989
H,26.150000000000034,37.35000000000002,1427,54.3,89,0,No Failure,2022-01-22 14:46:45,11.199999999999989
H,26.55000000000001,37.650000000000034,1582,33.4,121,0,No Failure,2022-01-22 14:47:45,11.100000000000023
H,26.75,37.950000000000045,1452,49.9,187,0,No Failure,2022-01-22 14:50:10,11.200000000000045
H,26.650000000000034,37.950000000000045,1567,36.8,197,0,No Failure,2022-01-22 14:50:25,11.300000000000011
H,26.650000000000034,38.05000000000001,1663,30.4,209,0,No Failure,2022-01-22 14:50:45,11.399999999999977
H,26.75,38.05000000000001,1771,26.8,216,0,No Failure,2022-01-22 14:50:55,11.300000000000011
H,26.55000000000001,38.05000000000001,1613,36.0,0,0,No Failure,2022-01-22 14:51:25,11.5
H,26.650000000000034,38.05000000000001,1707,27.6,56,0,No Failure,2022-01-22 14:53:20,11.399999999999977
H,26.650000000000034,38.150000000000034,1708,27.1,78,0,No Failure,2022-01-22 14:54:00,11.5
H,26.650000000000034,38.05000000000001,1455,44.9,107,0,No Failure,2022-01-22 14:54:50,11.399999999999977
H,26.75,37.950000000000045,1491,45.3,133,0,No Failure,2022-01-22 14:55:40,11.200000000000045
H,26.75,37.950000000000045,1366,62.7,161,0,No Failure,2022-01-22 14:56:40,11.200000000000045
H,26.75,38.05000000000001,1532,37.7,166,0,No Failure,2022-01-22 14:56:45,11.300000000000011
H,26.650000000000034,37.75,1526,42.1,30,0,No Failure,2022-01-22 14:59:35,11.099999999999966
H,26.650000000000034,37.650000000000034,1510,44.2,35,0,No Failure,2022-01-22 14:59:40,11.0
H,26.650000000000034,37.75,1439,45.2,40,1,No Failure,2022-01-22 14:59:45,11.099999999999966
H,26.850000000000023,38.25,1677,30.8,73,0,No Failure,2022-01-22 15:00:45,11.399999999999977
H,25.75,36.35000000000002,1383,44.6,184,0,No Failure,2022-01-22 15:04:35,10.600000000000023
H,25.850000000000023,36.55000000000001,1503,36.3,5,0,No Failure,2022-01-22 15:06:00,10.699999999999989
H,26.05000000000001,36.85000000000002,1371,55.7,23,0,No Failure,2022-01-22 15:06:30,10.800000000000011
H,26.05000000000001,36.85000000000002,1562,37.7,36,0,No Failure,2022-01-22 15:06:50,10.800000000000011
H,25.950000000000045,36.950000000000045,1425,44.5,49,0,No Failure,2022-01-22 15:07:15,11.0
H,25.950000000000045,36.85000000000002,1438,41.4,60,0,No Failure,2022-01-22 15:07:35,10.899999999999977
H,26.25,36.35000000000002,1398,47.1,122,0,No Failure,2022-01-22 15:09:40,10.100000000000023
H,25.950000000000045,36.150000000000034,1530,42.0,184,0,No Failure,2022-01-22 15:11:50,10.199999999999989
H,25.650000000000034,35.75,1600,33.5,13,0,No Failure,2022-01-22 15:13:30,10.099999999999966
H,25.650000000000034,35.650000000000034,1662,30.7,48,0,No Failure,2022-01-22 15:14:40,10.0
H,25.55000000000001,35.450000000000045,1538,38.3,63,0,No Failure,2022-01-22 15:15:10,9.900000000000034
H,25.75,35.75,1406,58.5,93,0,No Failure,2022-01-22 15:16:10,10.0
H,25.850000000000023,35.650000000000034,1588,35.4,114,0,No Failure,2022-01-22 15:16:50,9.800000000000011
H,25.850000000000023,35.75,1482,37.8,132,0,No Failure,2022-01-22 15:17:25,9.899999999999977
H,25.75,35.650000000000034,1635,34.0,142,0,No Failure,2022-01-22 15:17:40,9.900000000000034
H,25.950000000000045,35.85000000000002,1570,35.3,159,0,No Failure,2022-01-22 15:18:10,9.899999999999977
H,26.05000000000001,35.75,1462,45.5,171,0,No Failure,2022-01-22 15:18:30,9.699999999999989
H,26.05000000000001,35.75,1491,39.7,181,0,No Failure,2022-01-22 15:18:45,9.699999999999989
H,25.75,35.450000000000045,1418,43.0,207,0,No Failure,2022-01-22 15:19:40,9.700000000000045
H,25.75,35.25,1604,36.1,225,1,Tool Wear Failure,2022-01-22 15:20:10,9.5
H,25.75,35.150000000000034,1663,28.7,7,0,No Failure,2022-01-22 15:20:30,9.400000000000034
H,25.850000000000023,35.35000000000002,1683,27.8,26,0,No Failure,2022-01-22 15:21:05,9.5
H,26.25,35.75,1700,28.2,120,0,No Failure,2022-01-22 15:24:20,9.5
H,26.25,35.75,1948,21.4,136,0,No Failure,2022-01-22 15:24:50,9.5
H,26.350000000000023,35.75,1260,54.2,141,0,No Failure,2022-01-22 15:24:55,9.399999999999977
H,26.25,35.55000000000001,1626,31.1,166,0,Random Failures,2022-01-22 15:25:40,9.300000000000011
H,25.850000000000023,35.25,1606,35.2,195,0,No Failure,2022-01-22 15:26:35,9.399999999999977
H,26.05000000000001,35.450000000000045,1460,48.6,204,0,No Failure,2022-01-22 15:26:50,9.400000000000034
H,26.05000000000001,35.450000000000045,1318,55.7,0,0,No Failure,2022-01-22 15:27:00,9.400000000000034
H,26.25,35.75,1605,31.0,18,0,No Failure,2022-01-22 15:27:30,9.5
H,26.450000000000045,36.05000000000001,1555,36.8,36,0,No Failure,2022-01-22 15:28:05,9.599999999999966
H,26.150000000000034,35.85000000000002,1553,41.0,52,0,No Failure,2022-01-22 15:28:35,9.699999999999989
H,25.950000000000045,35.450000000000045,1542,37.1,84,0,No Failure,2022-01-22 15:29:40,9.5
H,25.950000000000045,35.450000000000045,1496,44.1,104,0,No Failure,2022-01-22 15:30:10,9.5
H,25.950000000000045,35.55000000000001,1376,56.2,113,0,No Failure,2022-01-22 15:30:25,9.599999999999966
H,25.850000000000023,35.450000000000045,1593,32.2,118,0,No Failure,2022-01-22 15:30:30,9.600000000000023
H,25.650000000000034,35.150000000000034,1516,40.1,166,0,No Failure,2022-01-22 15:32:10,9.5
H,25.650000000000034,35.150000000000034,1555,35.8,190,0,No Failure,2022-01-22 15:32:55,9.5
H,25.55000000000001,34.950000000000045,1855,22.5,7,0,No Failure,2022-01-22 15:33:30,9.400000000000034
H,25.55000000000001,35.150000000000034,1514,38.6,19,0,No Failure,2022-01-22 15:33:50,9.600000000000023
H,25.55000000000001,35.05000000000001,1429,44.1,26,0,No Failure,2022-01-22 15:34:00,9.5
H,25.55000000000001,35.150000000000034,1249,62.8,47,0,No Failure,2022-01-22 15:34:35,9.600000000000023
H,25.55000000000001,35.25,1432,40.2,132,0,No Failure,2022-01-22 15:37:25,9.699999999999989
H,25.75,35.35000000000002,1880,23.3,146,0,No Failure,2022-01-22 15:37:50,9.600000000000023
H,25.75,35.450000000000045,1493,36.0,161,0,No Failure,2022-01-22 15:38:20,9.700000000000045
H,25.850000000000023,35.55000000000001,1547,36.8,186,0,No Failure,2022-01-22 15:39:10,9.699999999999989
H,25.850000000000023,35.650000000000034,1314,47.8,19,0,No Failure,2022-01-22 15:40:35,9.800000000000011
H,25.75,35.55000000000001,1618,35.9,92,0,No Failure,2022-01-22 15:43:05,9.800000000000011
H,25.75,35.55000000000001,1464,43.2,97,0,No Failure,2022-01-22 15:43:10,9.800000000000011
H,25.650000000000034,35.35000000000002,1631,31.3,124,0,No Failure,2022-01-22 15:44:05,9.699999999999989
H,25.850000000000023,35.450000000000045,1420,45.8,150,0,No Failure,2022-01-22 15:44:55,9.600000000000023
H,26.150000000000034,35.75,1420,39.2,176,0,No Failure,2022-01-22 15:45:40,9.599999999999966
H,26.150000000000034,35.85000000000002,1637,30.8,2,0,No Failure,2022-01-22 15:46:30,9.699999999999989
H,26.55000000000001,36.25,1560,33.3,53,0,No Failure,2022-01-22 15:48:20,9.699999999999989
H,26.650000000000034,36.35000000000002,1359,47.6,85,0,No Failure,2022-01-22 15:49:25,9.699999999999989
H,26.850000000000023,36.55000000000001,1940,19.9,98,0,No Failure,2022-01-22 15:49:45,9.699999999999989
H,27.350000000000023,37.25,1386,44.4,154,0,No Failure,2022-01-22 15:51:35,9.899999999999977
H,27.55000000000001,37.450000000000045,1553,41.0,179,0,No Failure,2022-01-22 15:52:25,9.900000000000034
H,27.25,37.05000000000001,1513,36.1,212,0,No Failure,2022-01-22 15:53:30,9.800000000000011
H,27.25,37.150000000000034,1743,28.2,0,0,No Failure,2022-01-22 15:53:35,9.900000000000034
H,27.25,37.150000000000034,1439,49.7,9,0,No Failure,2022-01-22 15:53:50,9.900000000000034
H,27.25,36.85000000000002,1415,51.7,62,0,No Failure,2022-01-22 15:55:40,9.600000000000023
H,27.150000000000034,36.85000000000002,1508,35.0,70,0,No Failure,2022-01-22 15:55:50,9.699999999999989
H,27.25,36.950000000000045,1373,44.1,81,0,No Failure,2022-01-22 15:56:10,9.700000000000045
H,27.25,36.75,1762,29.3,91,0,No Failure,2022-01-22 15:56:25,9.5
H,27.150000000000034,36.75,1429,43.0,96,0,No Failure,2022-01-22 15:56:30,9.599999999999966
H,27.05000000000001,36.650000000000034,1908,21.3,104,0,No Failure,2022-01-22 15:56:40,9.600000000000023
H,27.150000000000034,36.85000000000002,1425,40.6,123,0,No Failure,2022-01-22 15:57:15,9.699999999999989
H,27.25,36.85000000000002,1607,33.7,130,0,No Failure,2022-01-22 15:57:25,9.600000000000023
H,27.150000000000034,36.85000000000002,1732,29.7,141,0,No Failure,2022-01-22 15:57:45,9.699999999999989
H,27.150000000000034,36.650000000000034,1636,35.5,180,0,No Failure,2022-01-22 15:59:10,9.5
H,27.150000000000034,36.650000000000034,1397,45.4,191,0,No Failure,2022-01-22 15:59:25,9.5
H,27.450000000000045,36.950000000000045,1588,41.3,0,0,No Failure,2022-01-22 16:00:35,9.5
H,27.450000000000045,37.05000000000001,1597,36.3,35,0,No Failure,2022-01-22 16:01:40,9.599999999999966
H,27.350000000000023,36.950000000000045,1548,44.3,40,0,No Failure,2022-01-22 16:01:45,9.600000000000023
H,27.55000000000001,37.05000000000001,1554,41.6,62,0,No Failure,2022-01-22 16:02:25,9.5
H,27.650000000000034,37.05000000000001,1435,42.6,111,0,No Failure,2022-01-22 16:04:00,9.399999999999977
H,27.55000000000001,37.05000000000001,1355,44.8,127,0,No Failure,2022-01-22 16:04:30,9.5
H,27.55000000000001,37.05000000000001,1468,49.6,132,0,No Failure,2022-01-22 16:04:35,9.5
H,27.25,36.450000000000045,1542,41.8,166,0,No Failure,2022-01-22 16:05:40,9.200000000000045
H,26.950000000000045,36.150000000000034,1424,43.4,16,0,No Failure,2022-01-22 16:07:35,9.199999999999989
H,26.950000000000045,36.150000000000034,1451,42.8,21,0,No Failure,2022-01-22 16:07:40,9.199999999999989
H,26.950000000000045,36.150000000000034,1521,36.5,40,0,No Failure,2022-01-22 16:08:20,9.199999999999989
H,27.150000000000034,36.55000000000001,1408,44.4,82,0,No Failure,2022-01-22 16:09:45,9.399999999999977
H,27.05000000000001,36.35000000000002,1342,47.5,147,0,No Failure,2022-01-22 16:12:05,9.300000000000011
H,26.850000000000023,36.35000000000002,1623,33.5,154,0,No Failure,2022-01-22 16:12:15,9.5
H,27.05000000000001,36.650000000000034,1440,39.1,188,0,No Failure,2022-01-22 16:13:20,9.600000000000023
H,27.150000000000034,36.450000000000045,1498,39.5,47,0,No Failure,2022-01-22 16:16:20,9.300000000000011
H,27.05000000000001,36.25,1388,53.2,59,0,No Failure,2022-01-22 16:16:40,9.199999999999989
H,27.150000000000034,36.450000000000045,1520,41.4,67,0,No Failure,2022-01-22 16:16:50,9.300000000000011
H,26.950000000000045,36.05000000000001,1450,46.1,112,0,No Failure,2022-01-22 16:18:15,9.099999999999966
H,27.05000000000001,36.450000000000045,1462,55.0,163,0,No Failure,2022-01-22 16:20:00,9.400000000000034
H,27.05000000000001,36.55000000000001,1448,51.4,173,0,No Failure,2022-01-22 16:20:15,9.5
H,26.650000000000034,36.05000000000001,1450,44.7,14,0,No Failure,2022-01-22 16:21:40,9.399999999999977
H,26.850000000000023,36.05000000000001,1662,30.4,55,0,No Failure,2022-01-22 16:23:00,9.199999999999989
H,27.05000000000001,36.55000000000001,1375,55.1,78,0,No Failure,2022-01-22 16:23:45,9.5
H,26.75,36.25,1449,42.4,149,0,No Failure,2022-01-22 16:26:20,9.5
H,26.650000000000034,36.450000000000045,1524,37.7,170,0,No Failure,2022-01-22 16:27:00,9.800000000000011
H,26.75,36.450000000000045,1623,31.0,180,0,No Failure,2022-01-22 16:27:15,9.700000000000045
H,26.75,36.55000000000001,1500,41.6,187,0,No Failure,2022-01-22 16:27:25,9.800000000000011
H,26.950000000000045,36.650000000000034,1566,46.6,192,0,No Failure,2022-01-22 16:27:30,9.699999999999989
H,26.850000000000023,36.650000000000034,1382,58.5,199,0,No Failure,2022-01-22 16:27:40,9.800000000000011
H,27.05000000000001,36.950000000000045,1410,47.1,9,0,No Failure,2022-01-22 16:28:55,9.900000000000034
H,26.75,36.55000000000001,1353,48.1,79,0,No Failure,2022-01-22 16:31:25,9.800000000000011
H,26.950000000000045,36.650000000000034,1553,32.6,90,0,No Failure,2022-01-22 16:31:45,9.699999999999989
H,27.05000000000001,36.75,1712,26.4,95,0,No Failure,2022-01-22 16:31:50,9.699999999999989
H,27.150000000000034,36.950000000000045,1552,40.7,120,0,No Failure,2022-01-22 16:32:40,9.800000000000011
H,27.350000000000023,37.05000000000001,1872,22.6,162,0,No Failure,2022-01-22 16:34:05,9.699999999999989
H,26.75,36.35000000000002,1415,54.0,6,0,No Failure,2022-01-22 16:36:05,9.600000000000023
H,27.25,37.150000000000034,1534,37.5,39,0,No Failure,2022-01-22 16:37:10,9.900000000000034
H,27.25,36.950000000000045,1547,40.9,50,0,No Failure,2022-01-22 16:37:30,9.700000000000045
H,27.55000000000001,37.35000000000002,1375,46.8,86,0,No Failure,2022-01-22 16:38:40,9.800000000000011
H,27.75,37.450000000000045,1410,51.2,98,0,No Failure,2022-01-22 16:39:00,9.700000000000045
H,27.850000000000023,37.55000000000001,1529,42.4,107,0,No Failure,2022-01-22 16:39:15,9.699999999999989
H,27.75,37.450000000000045,1462,51.0,119,0,No Failure,2022-01-22 16:39:35,9.700000000000045
H,27.650000000000034,37.35000000000002,1420,46.7,136,0,No Failure,2022-01-22 16:40:05,9.699999999999989
H,27.75,37.35000000000002,1547,38.5,148,0,No Failure,2022-01-22 16:40:25,9.600000000000023
H,27.650000000000034,37.150000000000034,1595,32.1,183,0,No Failure,2022-01-22 16:41:35,9.5
H,27.55000000000001,37.05000000000001,1691,27.7,203,0,No Failure,2022-01-22 16:42:10,9.5
H,27.55000000000001,37.150000000000034,1494,37.8,214,0,No Failure,2022-01-22 16:42:25,9.600000000000023
H,27.55000000000001,37.05000000000001,1302,55.5,87,0,No Failure,2022-01-22 16:46:00,9.5
H,27.55000000000001,37.05000000000001,1572,32.8,142,0,No Failure,2022-01-22 16:47:50,9.5
H,27.55000000000001,37.05000000000001,1456,40.6,182,0,No Failure,2022-01-22 16:49:10,9.5
H,27.450000000000045,36.950000000000045,1630,32.3,194,0,No Failure,2022-01-22 16:49:30,9.5
H,28.150000000000034,37.35000000000002,1438,44.0,59,0,No Failure,2022-01-22 16:52:25,9.199999999999989
H,28.25,37.450000000000045,1416,43.3,66,0,No Failure,2022-01-22 16:52:35,9.200000000000045
H,28.25,37.25,1487,38.9,185,0,No Failure,2022-01-22 16:56:40,9.0
H,28.350000000000023,37.150000000000034,1471,45.2,223,0,No Failure,2022-01-22 16:58:00,8.800000000000011
H,28.450000000000045,37.25,1463,49.2,235,0,No Failure,2022-01-22 16:58:20,8.799999999999955
H,28.450000000000045,37.25,1380,47.6,246,1,Tool Wear Failure,2022-01-22 16:58:40,8.799999999999955
H,28.55000000000001,37.55000000000001,1623,32.7,0,0,No Failure,2022-01-22 16:58:45,9.0
H,28.55000000000001,37.450000000000045,1390,48.5,7,0,No Failure,2022-01-22 16:58:55,8.900000000000034
H,28.450000000000045,37.25,1555,37.9,24,0,No Failure,2022-01-22 16:59:25,8.799999999999955
H,28.350000000000023,37.25,1502,34.3,40,0,No Failure,2022-01-22 16:59:50,8.899999999999977
H,28.350000000000023,37.35000000000002,1635,34.2,62,0,No Failure,2022-01-22 17:00:30,9.0
H,28.450000000000045,37.450000000000045,1888,20.5,133,0,No Failure,2022-01-22 17:02:50,9.0
H,28.55000000000001,37.450000000000045,1403,51.3,174,0,No Failure,2022-01-22 17:04:10,8.900000000000034
H,28.55000000000001,37.35000000000002,2007,19.7,2,0,No Failure,2022-01-22 17:05:15,8.800000000000011
H,28.55000000000001,37.450000000000045,1925,20.5,9,0,No Failure,2022-01-22 17:05:25,8.900000000000034
H,28.55000000000001,37.35000000000002,1667,30.5,29,0,No Failure,2022-01-22 17:06:00,8.800000000000011
H,28.450000000000045,37.25,1691,28.0,36,0,No Failure,2022-01-22 17:06:10,8.799999999999955
H,28.350000000000023,37.25,1360,46.2,93,0,No Failure,2022-01-22 17:07:55,8.899999999999977
H,28.350000000000023,37.25,1642,36.2,103,0,No Failure,2022-01-22 17:08:10,8.899999999999977
H,28.25,37.25,1530,40.4,112,0,No Failure,2022-01-22 17:08:25,9.0
H,28.350000000000023,37.650000000000034,1324,72.8,159,1,Power Failure,2022-01-22 17:10:00,9.300000000000011
H,28.450000000000045,37.55000000000001,1470,43.8,18,0,No Failure,2022-01-22 17:12:50,9.099999999999966
H,28.05000000000001,37.150000000000034,1506,35.6,63,0,No Failure,2022-01-22 17:14:25,9.100000000000023
H,28.05000000000001,37.150000000000034,1342,48.7,68,0,No Failure,2022-01-22 17:14:30,9.100000000000023
H,27.850000000000023,36.85000000000002,1622,31.8,103,0,No Failure,2022-01-22 17:15:40,9.0
H,27.950000000000045,37.25,1329,55.2,143,0,No Failure,2022-01-22 17:17:00,9.299999999999955
H,27.950000000000045,37.150000000000034,1520,38.2,158,0,No Failure,2022-01-22 17:17:25,9.199999999999989
H,27.950000000000045,37.150000000000034,1448,45.8,163,0,No Failure,2022-01-22 17:17:30,9.199999999999989
H,27.650000000000034,36.85000000000002,1467,37.3,193,0,No Failure,2022-01-22 17:18:25,9.199999999999989
H,27.75,37.05000000000001,1525,33.2,0,0,No Failure,2022-01-22 17:19:10,9.300000000000011
H,27.950000000000045,37.25,1563,40.8,28,0,No Failure,2022-01-22 17:20:00,9.299999999999955
H,27.850000000000023,37.25,1498,38.5,37,0,No Failure,2022-01-22 17:20:15,9.399999999999977
H,28.05000000000001,37.450000000000045,1442,49.2,61,0,No Failure,2022-01-22 17:21:05,9.400000000000034
H,28.25,37.75,1513,38.7,76,0,No Failure,2022-01-22 17:21:35,9.5
H,28.25,37.75,2563,12.8,81,1,Power Failure,2022-01-22 17:21:40,9.5
H,28.450000000000045,37.85000000000002,1419,42.4,90,0,No Failure,2022-01-22 17:21:55,9.399999999999977
H,28.25,37.650000000000034,1448,39.7,107,0,No Failure,2022-01-22 17:22:20,9.400000000000034
H,28.25,37.55000000000001,1500,35.2,112,0,No Failure,2022-01-22 17:22:25,9.300000000000011
H,28.25,37.650000000000034,1409,47.5,138,0,No Failure,2022-01-22 17:23:15,9.400000000000034
H,27.950000000000045,36.950000000000045,1560,35.4,14,0,No Failure,2022-01-22 17:26:35,9.0
H,28.25,37.150000000000034,1396,51.2,54,0,No Failure,2022-01-22 17:27:50,8.900000000000034
H,28.450000000000045,37.35000000000002,1495,36.5,79,0,No Failure,2022-01-22 17:28:35,8.899999999999977
H,28.650000000000034,37.25,1474,40.7,104,0,No Failure,2022-01-22 17:29:25,8.599999999999966
H,28.75,37.35000000000002,1469,43.4,126,0,No Failure,2022-01-22 17:30:05,8.600000000000023
H,29.05000000000001,37.650000000000034,1709,27.0,151,0,No Failure,2022-01-22 17:30:50,8.600000000000023
H,29.150000000000034,37.950000000000045,1469,39.7,179,0,No Failure,2022-01-22 17:31:45,8.800000000000011
H,29.150000000000034,37.950000000000045,1455,44.1,188,0,No Failure,2022-01-22 17:32:00,8.800000000000011
H,29.150000000000034,37.85000000000002,1532,36.3,2,0,No Failure,2022-01-22 17:32:55,8.699999999999989
H,29.05000000000001,37.75,1362,50.7,25,0,No Failure,2022-01-22 17:33:40,8.699999999999989
H,29.150000000000034,38.25,1538,38.4,65,0,No Failure,2022-01-22 17:35:00,9.099999999999966
H,29.25,38.55000000000001,1329,52.0,160,0,No Failure,2022-01-22 17:38:25,9.300000000000011
H,29.450000000000045,38.55000000000001,1414,51.7,197,0,No Failure,2022-01-22 17:39:45,9.099999999999966
H,29.350000000000023,38.55000000000001,1790,26.2,8,0,No Failure,2022-01-22 17:40:35,9.199999999999989
H,29.350000000000023,38.650000000000034,1591,29.6,33,0,No Failure,2022-01-22 17:41:25,9.300000000000011
H,29.25,38.450000000000045,1674,33.6,49,0,No Failure,2022-01-22 17:41:55,9.200000000000045
H,29.350000000000023,38.650000000000034,1474,38.7,58,0,No Failure,2022-01-22 17:42:10,9.300000000000011
H,29.350000000000023,38.55000000000001,1599,40.4,72,0,No Failure,2022-01-22 17:42:30,9.199999999999989
H,29.25,38.55000000000001,1536,44.4,96,0,No Failure,2022-01-22 17:43:20,9.300000000000011
H,29.450000000000045,38.450000000000045,1555,40.4,139,0,No Failure,2022-01-22 17:44:50,9.0
H,29.350000000000023,38.35000000000002,1551,34.3,166,0,No Failure,2022-01-22 17:45:45,9.0
H,29.450000000000045,38.450000000000045,1821,26.2,171,0,No Failure,2022-01-22 17:45:50,9.0
H,29.450000000000045,38.450000000000045,1400,49.5,211,0,No Failure,2022-01-22 17:47:10,9.0
H,29.450000000000045,38.35000000000002,1602,32.3,2,0,Random Failures,2022-01-22 17:47:40,8.899999999999977
H,29.25,38.150000000000034,1611,41.5,11,0,No Failure,2022-01-22 17:47:55,8.900000000000034
H,29.25,38.25,1610,38.6,16,0,No Failure,2022-01-22 17:48:00,9.0
H,29.450000000000045,38.25,1330,49.5,30,0,No Failure,2022-01-22 17:48:25,8.799999999999955
H,29.450000000000045,38.35000000000002,1786,27.1,35,0,No Failure,2022-01-22 17:48:30,8.899999999999977
H,29.75,38.650000000000034,1455,42.7,85,0,No Failure,2022-01-22 17:50:15,8.900000000000034
H,29.75,38.75,1590,34.3,106,0,No Failure,2022-01-22 17:50:55,9.0
H,29.75,38.85000000000002,1336,63.6,111,0,No Failure,2022-01-22 17:51:00,9.100000000000023
H,29.75,38.85000000000002,1871,26.0,132,0,No Failure,2022-01-22 17:51:40,9.100000000000023
H,29.75,38.85000000000002,1291,63.6,137,0,No Failure,2022-01-22 17:51:45,9.100000000000023
H,29.450000000000045,38.650000000000034,1435,47.2,152,0,No Failure,2022-01-22 17:52:10,9.199999999999989
H,29.75,38.85000000000002,1430,49.8,174,0,No Failure,2022-01-22 17:52:50,9.100000000000023
H,29.650000000000034,38.650000000000034,1470,37.6,204,0,No Failure,2022-01-22 17:53:50,9.0
H,29.75,38.85000000000002,1672,29.9,13,0,No Failure,2022-01-22 17:54:35,9.100000000000023
H,29.650000000000034,38.450000000000045,1441,46.3,100,0,No Failure,2022-01-22 17:57:30,8.800000000000011
H,29.650000000000034,38.35000000000002,1478,38.6,141,0,No Failure,2022-01-22 17:58:55,8.699999999999989
H,29.450000000000045,38.25,1369,45.4,156,0,No Failure,2022-01-22 17:59:20,8.799999999999955
H,29.55000000000001,38.35000000000002,1388,50.5,176,0,No Failure,2022-01-22 17:59:55,8.800000000000011
H,29.75,39.05000000000001,1474,41.8,18,0,No Failure,2022-01-22 18:01:40,9.300000000000011
H,30.25,39.450000000000045,1544,39.1,70,0,No Failure,2022-01-22 18:03:20,9.200000000000045
H,30.150000000000034,39.55000000000001,1449,44.5,152,0,No Failure,2022-01-22 18:06:05,9.399999999999977
H,30.05000000000001,39.150000000000034,1758,26.4,4,0,No Failure,2022-01-22 18:08:10,9.100000000000023
H,30.150000000000034,39.25,1443,44.1,51,0,No Failure,2022-01-22 18:09:45,9.099999999999966
H,30.150000000000034,38.950000000000045,1543,37.5,73,0,No Failure,2022-01-22 18:10:25,8.800000000000011
H,30.05000000000001,38.950000000000045,1628,30.6,105,0,No Failure,2022-01-22 18:11:20,8.900000000000034
H,30.350000000000023,39.150000000000034,1393,47.5,130,0,No Failure,2022-01-22 18:12:10,8.800000000000011
H,30.150000000000034,38.950000000000045,1455,40.3,145,0,No Failure,2022-01-22 18:12:40,8.800000000000011
H,30.350000000000023,38.950000000000045,1850,23.3,203,0,No Failure,2022-01-22 18:14:35,8.600000000000023
H,30.05000000000001,38.650000000000034,1397,47.6,11,0,No Failure,2022-01-22 18:15:15,8.600000000000023
H,30.05000000000001,38.55000000000001,1413,48.9,114,0,No Failure,2022-01-22 18:18:45,8.5
H,30.150000000000034,38.650000000000034,1438,43.8,119,0,No Failure,2022-01-22 18:18:50,8.5
H,30.150000000000034,38.75,1366,48.4,130,1,Heat Dissipation Failure,2022-01-22 18:19:05,8.599999999999966
H,30.05000000000001,38.75,1415,48.4,185,0,No Failure,2022-01-22 18:20:55,8.699999999999989
H,30.25,38.950000000000045,1578,32.3,196,0,No Failure,2022-01-22 18:21:15,8.700000000000045
H,30.25,39.05000000000001,1506,40.8,204,0,No Failure,2022-01-22 18:21:25,8.800000000000011
H,30.350000000000023,39.35000000000002,1496,43.8,218,0,No Failure,2022-01-22 18:21:50,9.0
H,30.450000000000045,39.35000000000002,1629,34.4,228,1,Tool Wear Failure,2022-01-22 18:22:05,8.899999999999977
H,30.450000000000045,39.55000000000001,1471,48.3,25,0,No Failure,2022-01-22 18:23:05,9.099999999999966
H,30.350000000000023,39.35000000000002,1626,36.0,44,0,No Failure,2022-01-22 18:23:40,9.0
H,30.05000000000001,38.950000000000045,1553,34.1,89,0,No Failure,2022-01-22 18:25:05,8.900000000000034
H,30.05000000000001,38.950000000000045,1476,39.6,96,0,No Failure,2022-01-22 18:25:15,8.900000000000034
H,30.05000000000001,38.950000000000045,1426,50.6,101,0,No Failure,2022-01-22 18:25:20,8.900000000000034
H,30.150000000000034,39.150000000000034,1744,30.3,116,0,No Failure,2022-01-22 18:25:45,9.0
H,30.350000000000023,39.35000000000002,1655,32.3,142,0,No Failure,2022-01-22 18:26:35,9.0
H,30.55000000000001,39.35000000000002,1556,35.0,164,0,No Failure,2022-01-22 18:27:15,8.800000000000011
H,30.05000000000001,39.150000000000034,1749,29.2,5,0,No Failure,2022-01-22 18:28:55,9.100000000000023
H,30.150000000000034,39.35000000000002,1526,38.2,47,0,No Failure,2022-01-22 18:30:15,9.199999999999989
H,30.05000000000001,39.25,1625,35.4,70,0,No Failure,2022-01-22 18:30:55,9.199999999999989
H,30.25,39.35000000000002,1540,43.7,81,0,No Failure,2022-01-22 18:31:15,9.100000000000023
H,30.150000000000034,39.25,1372,46.0,86,0,No Failure,2022-01-22 18:31:20,9.099999999999966
H,30.05000000000001,39.05000000000001,1692,28.2,122,0,No Failure,2022-01-22 18:32:30,9.0
H,29.950000000000045,39.05000000000001,1598,37.9,148,0,No Failure,2022-01-22 18:33:25,9.099999999999966
H,29.950000000000045,38.75,1452,42.5,198,0,No Failure,2022-01-22 18:35:05,8.799999999999955
H,29.950000000000045,38.85000000000002,1729,26.1,210,0,No Failure,2022-01-22 18:35:25,8.899999999999977
H,29.850000000000023,38.75,1679,29.0,222,0,No Failure,2022-01-22 18:35:45,8.899999999999977
H,29.950000000000045,38.55000000000001,1294,62.4,101,1,Heat Dissipation Failure,2022-01-22 18:39:50,8.599999999999966
H,29.850000000000023,38.35000000000002,1841,23.6,119,0,No Failure,2022-01-22 18:40:25,8.5
H,29.850000000000023,38.35000000000002,1812,24.4,138,0,No Failure,2022-01-22 18:41:00,8.5
H,29.850000000000023,38.35000000000002,1459,43.2,148,0,No Failure,2022-01-22 18:41:15,8.5
H,29.75,38.35000000000002,1472,39.7,187,0,No Failure,2022-01-22 18:42:40,8.600000000000023
H,29.850000000000023,38.450000000000045,1346,54.7,196,0,No Failure,2022-01-22 18:42:55,8.600000000000023
H,29.850000000000023,38.450000000000045,1438,43.2,12,0,No Failure,2022-01-22 18:43:55,8.600000000000023
H,29.55000000000001,38.05000000000001,1620,30.8,42,0,No Failure,2022-01-22 18:44:55,8.5
H,29.55000000000001,37.950000000000045,1462,38.3,49,0,No Failure,2022-01-22 18:45:05,8.400000000000034
H,29.75,38.150000000000034,1653,32.4,100,0,No Failure,2022-01-22 18:46:45,8.400000000000034
H,30.150000000000034,38.450000000000045,1525,48.7,114,0,No Failure,2022-01-22 18:47:10,8.300000000000011
H,30.25,38.75,1444,40.7,174,0,No Failure,2022-01-22 18:49:10,8.5
H,30.05000000000001,38.75,1522,35.9,61,0,No Failure,2022-01-22 18:52:50,8.699999999999989
H,30.350000000000023,38.75,1356,55.5,101,1,Heat Dissipation Failure,2022-01-22 18:54:15,8.399999999999977
H,30.450000000000045,38.85000000000002,1438,51.0,106,0,No Failure,2022-01-22 18:54:20,8.399999999999977
H,30.55000000000001,38.950000000000045,1418,43.4,130,0,No Failure,2022-01-22 18:55:00,8.400000000000034
H,29.25,37.75,1460,47.2,22,0,No Failure,2022-01-22 18:59:00,8.5
H,29.25,37.950000000000045,1623,32.3,39,0,No Failure,2022-01-22 18:59:30,8.700000000000045
H,29.55000000000001,37.950000000000045,1660,29.3,72,0,No Failure,2022-01-22 19:00:35,8.400000000000034
H,29.450000000000045,37.75,1423,53.6,95,0,No Failure,2022-01-22 19:01:20,8.299999999999955
H,29.650000000000034,37.75,1418,51.3,116,0,No Failure,2022-01-22 19:02:00,8.099999999999966
H,29.75,37.650000000000034,1724,27.5,126,0,No Failure,2022-01-22 19:02:15,7.900000000000034
H,29.850000000000023,37.650000000000034,1280,57.3,147,1,Heat Dissipation Failure,2022-01-22 19:02:55,7.800000000000011
H,29.850000000000023,37.75,1606,34.5,156,0,No Failure,2022-01-22 19:03:10,7.899999999999977
H,29.950000000000045,37.950000000000045,1844,24.6,171,0,No Failure,2022-01-22 19:03:35,8.0
H,29.950000000000045,37.950000000000045,1615,29.9,176,0,No Failure,2022-01-22 19:03:40,8.0
H,29.850000000000023,37.75,1447,42.8,185,0,No Failure,2022-01-22 19:03:55,7.899999999999977
H,29.850000000000023,37.75,1735,27.2,192,0,No Failure,2022-01-22 19:04:05,7.899999999999977
H,30.150000000000034,37.950000000000045,1383,42.9,24,0,No Failure,2022-01-22 19:06:20,7.800000000000011
H,30.05000000000001,37.85000000000002,1468,43.6,38,0,No Failure,2022-01-22 19:06:45,7.800000000000011
H,30.150000000000034,38.05000000000001,1506,33.8,43,0,No Failure,2022-01-22 19:06:50,7.899999999999977
H,30.450000000000045,38.05000000000001,1873,21.3,87,0,No Failure,2022-01-22 19:08:20,7.599999999999966
H,30.150000000000034,37.950000000000045,1688,30.4,115,0,No Failure,2022-01-22 19:09:10,7.800000000000011
H,30.150000000000034,38.05000000000001,1443,54.6,120,0,No Failure,2022-01-22 19:09:15,7.899999999999977
H,30.25,38.05000000000001,1435,44.9,127,0,No Failure,2022-01-22 19:09:25,7.800000000000011
H,30.25,37.950000000000045,1597,28.9,179,0,No Failure,2022-01-22 19:11:15,7.7000000000000455
H,30.55000000000001,38.25,1305,55.2,20,1,Heat Dissipation Failure,2022-01-22 19:13:20,7.699999999999989
H,30.55000000000001,38.35000000000002,1568,36.9,28,0,No Failure,2022-01-22 19:13:30,7.800000000000011
H,30.450000000000045,38.25,1409,53.3,52,0,No Failure,2022-01-22 19:14:15,7.7999999999999545
H,30.450000000000045,38.25,1649,30.1,62,0,No Failure,2022-01-22 19:14:30,7.7999999999999545
H,30.450000000000045,38.25,1614,36.0,74,0,No Failure,2022-01-22 19:14:50,7.7999999999999545
H,30.450000000000045,38.150000000000034,1721,27.4,79,0,No Failure,2022-01-22 19:14:55,7.699999999999989
H,30.350000000000023,38.25,1422,41.9,156,0,No Failure,2022-01-22 19:17:40,7.899999999999977
H,30.55000000000001,38.650000000000034,1275,55.0,25,1,Heat Dissipation Failure,2022-01-22 19:20:25,8.100000000000023
H,30.650000000000034,38.85000000000002,1436,43.5,47,0,No Failure,2022-01-22 19:21:05,8.199999999999989
H,30.75,39.05000000000001,2102,17.8,91,0,No Failure,2022-01-22 19:22:35,8.300000000000011
H,30.75,38.85000000000002,1452,58.3,123,0,No Failure,2022-01-22 19:23:35,8.100000000000023
H,30.75,38.85000000000002,1469,48.7,130,0,No Failure,2022-01-22 19:23:45,8.100000000000023
H,30.850000000000023,39.05000000000001,1503,37.0,152,0,No Failure,2022-01-22 19:24:30,8.199999999999989
H,30.950000000000045,39.150000000000034,2056,19.7,167,0,No Failure,2022-01-22 19:24:55,8.199999999999989
H,30.950000000000045,39.150000000000034,1494,42.7,221,0,No Failure,2022-01-22 19:26:45,8.199999999999989
H,31.150000000000034,39.05000000000001,1607,31.7,34,0,No Failure,2022-01-22 19:28:30,7.899999999999977
H,31.150000000000034,39.25,1651,30.6,50,0,No Failure,2022-01-22 19:28:55,8.099999999999966
H,31.150000000000034,39.25,1692,27.9,55,0,No Failure,2022-01-22 19:29:00,8.099999999999966
H,31.350000000000023,39.35000000000002,1629,33.5,73,0,No Failure,2022-01-22 19:29:35,8.0
H,31.350000000000023,39.450000000000045,1466,47.0,80,0,No Failure,2022-01-22 19:29:45,8.100000000000023
H,31.450000000000045,39.55000000000001,1476,40.1,85,0,No Failure,2022-01-22 19:29:50,8.099999999999966
H,31.350000000000023,39.55000000000001,1584,32.7,143,0,No Failure,2022-01-22 19:31:45,8.199999999999989
H,31.25,39.650000000000034,1693,28.3,175,0,No Failure,2022-01-22 19:32:50,8.400000000000034
H,31.05000000000001,39.05000000000001,1475,43.1,20,0,No Failure,2022-01-22 19:35:25,8.0
H,31.150000000000034,39.150000000000034,1502,39.5,38,0,No Failure,2022-01-22 19:36:00,8.0
H,31.05000000000001,39.25,1607,36.6,43,0,No Failure,2022-01-22 19:36:05,8.199999999999989
H,31.25,39.55000000000001,1991,19.0,53,0,No Failure,2022-01-22 19:36:20,8.300000000000011
H,31.55000000000001,39.75,1332,52.7,66,1,Heat Dissipation Failure,2022-01-22 19:36:45,8.199999999999989
H,31.450000000000045,39.75,1544,37.1,88,0,No Failure,2022-01-22 19:37:25,8.299999999999955
H,31.450000000000045,40.05000000000001,1371,54.6,112,1,Heat Dissipation Failure,2022-01-22 19:38:10,8.599999999999966
H,31.75,40.55000000000001,1401,50.0,129,0,No Failure,2022-01-22 19:38:45,8.800000000000011
H,31.55000000000001,40.450000000000045,1514,35.5,138,0,No Failure,2022-01-22 19:39:00,8.900000000000034
H,31.55000000000001,40.55000000000001,1564,40.2,150,0,No Failure,2022-01-22 19:39:20,9.0
H,31.450000000000045,40.450000000000045,1498,40.2,155,0,No Failure,2022-01-22 19:39:25,9.0
H,31.450000000000045,40.35000000000002,1375,54.0,186,0,No Failure,2022-01-22 19:40:30,8.899999999999977
H,31.25,39.75,1534,33.2,210,0,No Failure,2022-01-22 19:41:15,8.5
H,31.150000000000034,39.650000000000034,1806,27.7,44,0,No Failure,2022-01-22 19:43:05,8.5
H,31.150000000000034,39.650000000000034,1649,29.4,49,0,No Failure,2022-01-22 19:43:10,8.5
H,31.25,39.75,1402,50.0,54,0,No Failure,2022-01-22 19:43:15,8.5
H,31.350000000000023,39.85000000000002,1397,52.9,80,0,No Failure,2022-01-22 19:44:00,8.5
H,31.55000000000001,40.35000000000002,1520,35.6,154,0,No Failure,2022-01-22 19:46:35,8.800000000000011
H,31.650000000000034,40.35000000000002,1655,28.0,170,0,No Failure,2022-01-22 19:47:00,8.699999999999989
H,31.650000000000034,40.35000000000002,1748,25.1,175,0,No Failure,2022-01-22 19:47:05,8.699999999999989
H,31.650000000000034,40.35000000000002,1447,46.6,198,0,No Failure,2022-01-22 19:47:50,8.699999999999989
H,31.650000000000034,40.35000000000002,1525,38.0,209,0,No Failure,2022-01-22 19:48:05,8.699999999999989
H,31.450000000000045,40.25,1460,53.7,214,0,No Failure,2022-01-22 19:48:10,8.799999999999955
H,31.450000000000045,40.25,1480,50.7,2,0,No Failure,2022-01-22 19:48:40,8.799999999999955
H,31.450000000000045,40.25,1436,45.6,9,0,No Failure,2022-01-22 19:48:50,8.799999999999955
H,31.350000000000023,40.150000000000034,1386,49.0,35,0,No Failure,2022-01-22 19:49:35,8.800000000000011
H,31.25,40.150000000000034,1769,27.9,40,0,No Failure,2022-01-22 19:49:40,8.900000000000034
H,31.25,40.150000000000034,1522,42.1,62,0,No Failure,2022-01-22 19:50:20,8.900000000000034
H,31.25,40.05000000000001,1554,36.8,85,0,No Failure,2022-01-22 19:51:05,8.800000000000011
H,31.450000000000045,40.450000000000045,1436,42.0,110,0,No Failure,2022-01-22 19:51:55,9.0
H,31.650000000000034,40.450000000000045,1811,24.9,183,0,No Failure,2022-01-22 19:54:20,8.800000000000011
H,31.55000000000001,40.650000000000034,1488,42.8,54,0,No Failure,2022-01-22 19:57:20,9.100000000000023
H,31.950000000000045,41.150000000000034,1689,32.5,134,0,No Failure,2022-01-22 19:59:55,9.199999999999989
H,31.950000000000045,41.05000000000001,1586,34.6,139,0,No Failure,2022-01-22 20:00:00,9.099999999999966
H,31.850000000000023,41.05000000000001,1271,68.6,161,1,Power Failure,2022-01-22 20:00:40,9.199999999999989
H,31.850000000000023,40.950000000000045,1472,45.5,166,0,No Failure,2022-01-22 20:00:45,9.100000000000023
H,31.850000000000023,40.85000000000002,1701,30.4,171,0,No Failure,2022-01-22 20:00:50,9.0
H,31.650000000000034,40.75,1378,45.6,184,0,No Failure,2022-01-22 20:01:15,9.099999999999966
H,31.850000000000023,40.75,1495,46.6,0,0,No Failure,2022-01-22 20:01:55,8.899999999999977
H,32.05000000000001,40.85000000000002,1442,40.9,23,0,No Failure,2022-01-22 20:02:35,8.800000000000011
H,31.950000000000045,41.05000000000001,1590,43.4,52,0,No Failure,2022-01-22 20:03:30,9.099999999999966
H,32.05000000000001,41.35000000000002,1627,32.2,91,0,No Failure,2022-01-22 20:04:40,9.300000000000011
H,32.05000000000001,41.35000000000002,1684,29.8,156,0,No Failure,2022-01-22 20:06:50,9.300000000000011
H,32.05000000000001,41.150000000000034,1625,37.3,27,0,No Failure,2022-01-22 20:09:35,9.100000000000023
H,31.950000000000045,41.150000000000034,1397,49.6,34,0,No Failure,2022-01-22 20:09:45,9.199999999999989
H,32.05000000000001,41.35000000000002,1546,41.4,58,0,No Failure,2022-01-22 20:10:30,9.300000000000011
H,31.950000000000045,41.25,1696,29.6,65,0,No Failure,2022-01-22 20:10:40,9.299999999999955
H,31.850000000000023,40.950000000000045,1388,53.2,91,0,No Failure,2022-01-22 20:11:25,9.100000000000023
H,31.850000000000023,41.05000000000001,1517,43.1,96,0,No Failure,2022-01-22 20:11:30,9.199999999999989
H,31.850000000000023,40.950000000000045,1408,39.8,132,0,No Failure,2022-01-22 20:12:45,9.100000000000023
H,31.75,40.85000000000002,1517,36.0,142,0,No Failure,2022-01-22 20:13:00,9.100000000000023
H,31.650000000000034,40.75,1570,35.8,147,0,No Failure,2022-01-22 20:13:05,9.099999999999966
H,31.55000000000001,40.450000000000045,1711,27.6,170,0,No Failure,2022-01-22 20:13:50,8.900000000000034
H,31.75,40.950000000000045,1790,26.7,17,0,No Failure,2022-01-22 20:15:45,9.200000000000045
H,31.650000000000034,41.05000000000001,1381,52.4,140,0,No Failure,2022-01-22 20:20:10,9.399999999999977
H,31.650000000000034,41.05000000000001,1506,46.9,154,0,No Failure,2022-01-22 20:20:35,9.399999999999977
H,31.650000000000034,41.05000000000001,1379,50.2,178,0,No Failure,2022-01-22 20:21:20,9.399999999999977
H,31.75,41.05000000000001,1680,29.1,201,0,No Failure,2022-01-22 20:22:05,9.300000000000011
H,31.850000000000023,41.05000000000001,1612,31.7,206,0,No Failure,2022-01-22 20:22:10,9.199999999999989
H,31.55000000000001,40.75,1460,49.8,2,0,No Failure,2022-01-22 20:22:35,9.199999999999989
H,31.450000000000045,40.55000000000001,1403,46.2,57,0,No Failure,2022-01-22 20:24:20,9.099999999999966
H,31.350000000000023,40.650000000000034,1404,55.8,84,0,No Failure,2022-01-22 20:25:05,9.300000000000011
H,31.150000000000034,40.35000000000002,1328,49.8,120,0,No Failure,2022-01-22 20:26:15,9.199999999999989
H,31.150000000000034,40.450000000000045,1692,29.0,125,0,No Failure,2022-01-22 20:26:20,9.300000000000011
H,31.150000000000034,40.450000000000045,1827,24.2,132,0,No Failure,2022-01-22 20:26:30,9.300000000000011
H,30.950000000000045,40.450000000000045,1404,40.6,152,0,No Failure,2022-01-22 20:27:10,9.5
H,30.850000000000023,40.35000000000002,1507,37.9,163,0,No Failure,2022-01-22 20:27:25,9.5
H,30.850000000000023,40.25,1627,37.1,168,0,No Failure,2022-01-22 20:27:30,9.399999999999977
H,30.75,40.150000000000034,1509,46.8,175,0,No Failure,2022-01-22 20:27:40,9.400000000000034
H,30.650000000000034,40.150000000000034,1336,57.5,187,0,No Failure,2022-01-22 20:28:00,9.5
H,30.75,40.150000000000034,1754,26.9,209,0,No Failure,2022-01-22 20:28:45,9.400000000000034
H,30.650000000000034,40.150000000000034,1483,47.2,223,0,No Failure,2022-01-22 20:29:10,9.5
H,30.650000000000034,40.25,1411,53.8,246,1,Overstrain Failure,2022-01-22 20:29:55,9.599999999999966
H,30.650000000000034,40.35000000000002,1422,46.1,4,0,No Failure,2022-01-22 20:30:20,9.699999999999989
H,30.55000000000001,40.35000000000002,1527,36.4,26,0,No Failure,2022-01-22 20:31:05,9.800000000000011
H,30.850000000000023,40.35000000000002,1698,30.0,89,0,No Failure,2022-01-22 20:33:20,9.5
H,30.950000000000045,40.650000000000034,1435,41.9,115,0,No Failure,2022-01-22 20:34:10,9.699999999999989
H,30.55000000000001,39.950000000000045,1478,36.0,191,0,No Failure,2022-01-22 20:36:40,9.400000000000034
H,30.75,40.35000000000002,1357,55.0,12,0,Random Failures,2022-01-22 20:37:55,9.600000000000023
H,30.75,40.150000000000034,1417,48.7,26,0,No Failure,2022-01-22 20:38:15,9.400000000000034
H,30.450000000000045,39.85000000000002,1657,29.3,37,0,No Failure,2022-01-22 20:38:35,9.399999999999977
H,30.55000000000001,39.85000000000002,1484,41.5,65,0,No Failure,2022-01-22 20:39:35,9.300000000000011
H,30.150000000000034,39.55000000000001,1482,39.0,127,0,No Failure,2022-01-22 20:41:35,9.399999999999977
H,30.05000000000001,39.450000000000045,1357,44.2,142,0,No Failure,2022-01-22 20:42:05,9.400000000000034
H,30.150000000000034,39.75,1374,52.4,154,0,No Failure,2022-01-22 20:42:25,9.599999999999966
H,30.25,39.75,1366,47.3,162,0,No Failure,2022-01-22 20:42:35,9.5
H,30.350000000000023,39.85000000000002,1579,35.7,167,0,No Failure,2022-01-22 20:42:40,9.5
H,30.350000000000023,39.85000000000002,1357,42.0,179,0,No Failure,2022-01-22 20:43:00,9.5
H,30.25,39.85000000000002,1477,39.7,18,0,No Failure,2022-01-22 20:44:35,9.600000000000023
H,30.25,39.85000000000002,1457,43.4,23,0,No Failure,2022-01-22 20:44:40,9.600000000000023
H,30.850000000000023,40.05000000000001,1624,28.8,117,0,No Failure,2022-01-22 20:47:50,9.199999999999989
H,30.55000000000001,39.950000000000045,1603,32.5,148,0,No Failure,2022-01-22 20:48:50,9.400000000000034
H,30.350000000000023,39.650000000000034,2370,14.7,198,0,No Failure,2022-01-22 20:50:35,9.300000000000011
H,30.05000000000001,39.450000000000045,1534,37.2,41,0,No Failure,2022-01-22 20:52:35,9.400000000000034
H,29.950000000000045,39.450000000000045,1701,26.2,46,0,No Failure,2022-01-22 20:52:40,9.5
H,30.150000000000034,39.450000000000045,1441,53.9,74,0,No Failure,2022-01-22 20:53:30,9.300000000000011
H,30.05000000000001,39.450000000000045,1594,36.8,82,0,No Failure,2022-01-22 20:53:40,9.400000000000034
H,30.350000000000023,39.75,1595,34.6,112,0,No Failure,2022-01-22 20:54:40,9.399999999999977
H,30.150000000000034,39.55000000000001,1456,45.4,130,0,No Failure,2022-01-22 20:55:15,9.399999999999977
H,30.05000000000001,39.55000000000001,1413,46.5,147,0,No Failure,2022-01-22 20:55:50,9.5
H,30.05000000000001,39.75,1597,35.8,160,0,No Failure,2022-01-22 20:56:15,9.699999999999989
H,30.05000000000001,39.35000000000002,1482,42.6,16,0,No Failure,2022-01-22 20:58:40,9.300000000000011
H,30.05000000000001,39.650000000000034,1330,62.4,31,0,No Failure,2022-01-22 20:59:05,9.600000000000023
H,30.150000000000034,39.650000000000034,1475,42.8,38,0,No Failure,2022-01-22 20:59:15,9.5
H,30.150000000000034,39.650000000000034,1804,25.0,43,0,No Failure,2022-01-22 20:59:20,9.5
H,29.650000000000034,39.05000000000001,1451,39.4,70,0,No Failure,2022-01-22 21:00:15,9.399999999999977
H,29.450000000000045,39.05000000000001,1395,46.8,95,0,No Failure,2022-01-22 21:01:05,9.599999999999966
H,29.650000000000034,38.950000000000045,1543,36.4,120,0,No Failure,2022-01-22 21:01:55,9.300000000000011
H,29.150000000000034,38.85000000000002,1580,36.6,184,0,No Failure,2022-01-22 21:04:05,9.699999999999989
H,29.05000000000001,38.75,1798,22.3,59,0,No Failure,2022-01-22 21:07:40,9.699999999999989
H,29.05000000000001,38.75,1598,35.9,71,0,No Failure,2022-01-22 21:08:00,9.699999999999989
H,29.25,38.950000000000045,1445,41.4,144,0,No Failure,2022-01-22 21:10:35,9.700000000000045
H,28.75,38.450000000000045,1686,27.7,176,0,No Failure,2022-01-22 21:11:35,9.700000000000045
H,28.650000000000034,38.35000000000002,1582,31.1,193,0,No Failure,2022-01-22 21:12:05,9.699999999999989
H,28.650000000000034,38.25,1419,46.4,200,0,No Failure,2022-01-22 21:12:15,9.599999999999966
H,28.55000000000001,38.05000000000001,1364,65.3,208,1,Power Failure,2022-01-22 21:12:25,9.5
H,28.55000000000001,38.05000000000001,1479,52.3,9,0,No Failure,2022-01-22 21:12:45,9.5
H,28.450000000000045,38.35000000000002,1454,51.2,58,0,No Failure,2022-01-22 21:14:30,9.899999999999977
H,28.25,38.55000000000001,1656,36.3,127,0,No Failure,2022-01-22 21:16:55,10.300000000000011
H,28.350000000000023,38.650000000000034,1631,30.5,132,0,No Failure,2022-01-22 21:17:00,10.300000000000011
H,28.350000000000023,38.75,1447,46.5,137,0,No Failure,2022-01-22 21:17:05,10.399999999999977
H,28.350000000000023,38.55000000000001,1654,28.6,161,0,No Failure,2022-01-22 21:17:55,10.199999999999989
H,28.350000000000023,38.450000000000045,1378,51.5,166,0,No Failure,2022-01-22 21:18:00,10.100000000000023
H,28.450000000000045,38.55000000000001,1501,45.3,175,0,No Failure,2022-01-22 21:18:15,10.099999999999966
H,28.650000000000034,38.650000000000034,1466,45.2,188,0,No Failure,2022-01-22 21:18:35,10.0
H,28.55000000000001,38.650000000000034,1346,52.0,193,0,No Failure,2022-01-22 21:18:40,10.100000000000023
H,28.55000000000001,38.650000000000034,1296,58.2,204,0,No Failure,2022-01-22 21:19:00,10.100000000000023
H,28.25,38.05000000000001,1431,43.2,0,0,No Failure,2022-01-22 21:20:00,9.800000000000011
H,28.55000000000001,38.55000000000001,1428,43.4,26,0,No Failure,2022-01-22 21:20:50,10.0
H,28.650000000000034,38.75,1425,44.0,33,0,No Failure,2022-01-22 21:21:00,10.099999999999966
H,28.650000000000034,38.650000000000034,1618,32.8,40,0,No Failure,2022-01-22 21:21:10,10.0
H,28.75,38.85000000000002,1853,23.6,122,0,No Failure,2022-01-22 21:23:55,10.100000000000023
H,28.55000000000001,38.650000000000034,1518,40.1,142,0,No Failure,2022-01-22 21:24:30,10.100000000000023
H,28.950000000000045,38.950000000000045,1618,29.5,160,0,No Failure,2022-01-22 21:25:05,10.0
H,28.75,38.650000000000034,1477,38.4,31,0,No Failure,2022-01-22 21:28:05,9.900000000000034
H,28.75,38.55000000000001,1609,28.7,39,0,No Failure,2022-01-22 21:28:15,9.800000000000011
H,28.850000000000023,38.85000000000002,1640,37.6,118,0,No Failure,2022-01-22 21:30:55,10.0
H,28.75,38.650000000000034,1390,40.6,131,0,No Failure,2022-01-22 21:31:20,9.900000000000034
H,28.75,38.55000000000001,1656,30.7,200,0,No Failure,2022-01-22 21:33:40,9.800000000000011
H,28.75,38.55000000000001,1403,40.6,207,0,No Failure,2022-01-22 21:33:50,9.800000000000011
H,28.650000000000034,38.35000000000002,1559,40.1,220,0,No Failure,2022-01-22 21:34:10,9.699999999999989
H,28.850000000000023,38.75,1495,37.3,21,0,No Failure,2022-01-22 21:35:15,9.899999999999977
H,28.850000000000023,38.75,1916,22.0,42,0,No Failure,2022-01-22 21:35:55,9.899999999999977
H,28.850000000000023,38.450000000000045,1366,50.6,106,0,No Failure,2022-01-22 21:38:10,9.600000000000023
H,28.950000000000045,38.450000000000045,1407,43.9,111,0,No Failure,2022-01-22 21:38:15,9.5
H,28.950000000000045,38.650000000000034,1792,25.8,121,0,No Failure,2022-01-22 21:38:30,9.699999999999989
H,29.150000000000034,38.85000000000002,1341,59.3,134,0,No Failure,2022-01-22 21:38:50,9.699999999999989
H,28.650000000000034,38.150000000000034,1457,46.8,182,0,No Failure,2022-01-22 21:40:30,9.5
H,28.850000000000023,38.25,1512,44.9,86,0,No Failure,2022-01-22 21:44:25,9.399999999999977
H,28.950000000000045,38.450000000000045,1782,24.9,93,0,No Failure,2022-01-22 21:44:35,9.5
H,29.05000000000001,38.450000000000045,1457,50.5,114,0,No Failure,2022-01-22 21:45:15,9.400000000000034
H,28.350000000000023,37.85000000000002,1495,47.4,184,0,No Failure,2022-01-22 21:47:35,9.5
H,28.350000000000023,37.75,1397,45.9,210,1,Tool Wear Failure,2022-01-22 21:48:20,9.399999999999977
H,28.05000000000001,37.650000000000034,1374,47.7,8,0,No Failure,2022-01-22 21:48:40,9.600000000000023
H,27.850000000000023,37.35000000000002,1781,24.9,70,0,No Failure,2022-01-22 21:50:45,9.5
H,27.850000000000023,37.35000000000002,1735,28.9,82,0,No Failure,2022-01-22 21:51:05,9.5
H,27.850000000000023,37.450000000000045,1629,32.3,89,0,No Failure,2022-01-22 21:51:15,9.600000000000023
H,28.05000000000001,37.55000000000001,1483,43.8,108,0,No Failure,2022-01-22 21:51:55,9.5
H,27.950000000000045,37.450000000000045,1463,45.1,113,0,No Failure,2022-01-22 21:52:00,9.5
H,28.150000000000034,37.75,1509,46.6,125,0,No Failure,2022-01-22 21:52:20,9.599999999999966
H,28.150000000000034,37.75,1677,30.1,130,0,No Failure,2022-01-22 21:52:25,9.599999999999966
H,28.25,37.950000000000045,1484,38.0,198,0,No Failure,2022-01-22 21:54:40,9.700000000000045
H,28.150000000000034,37.75,1405,52.1,205,0,No Failure,2022-01-22 21:54:50,9.599999999999966
H,28.150000000000034,37.75,1394,46.7,210,1,Tool Wear Failure,2022-01-22 21:54:55,9.599999999999966
H,28.55000000000001,38.05000000000001,1877,24.8,64,0,No Failure,2022-01-22 21:57:20,9.5
H,28.450000000000045,37.85000000000002,1483,44.0,97,0,No Failure,2022-01-22 21:58:30,9.399999999999977
H,28.350000000000023,37.85000000000002,1358,60.4,102,0,No Failure,2022-01-22 21:58:35,9.5
H,28.25,37.450000000000045,1571,33.6,126,0,No Failure,2022-01-22 21:59:20,9.200000000000045
H,28.25,37.35000000000002,1547,50.7,131,0,No Failure,2022-01-22 21:59:25,9.100000000000023
H,28.450000000000045,37.650000000000034,1913,22.5,157,0,No Failure,2022-01-22 22:00:20,9.199999999999989
H,28.450000000000045,37.650000000000034,1541,36.2,166,0,No Failure,2022-01-22 22:00:35,9.199999999999989
H,28.650000000000034,37.75,2041,19.2,194,0,No Failure,2022-01-22 22:01:30,9.099999999999966
H,28.850000000000023,37.950000000000045,1454,44.1,217,0,No Failure,2022-01-22 22:02:10,9.100000000000023
H,28.850000000000023,37.950000000000045,1756,30.7,2,0,No Failure,2022-01-22 22:02:20,9.100000000000023
H,28.950000000000045,37.85000000000002,1470,40.1,23,0,No Failure,2022-01-22 22:03:00,8.899999999999977
H,28.850000000000023,37.85000000000002,1212,67.9,30,0,No Failure,2022-01-22 22:03:10,9.0
H,29.150000000000034,38.450000000000045,1605,32.5,59,0,No Failure,2022-01-22 22:04:10,9.300000000000011
H,29.05000000000001,38.55000000000001,1656,26.2,64,0,No Failure,2022-01-22 22:04:15,9.5
H,29.05000000000001,38.450000000000045,1352,52.0,69,0,No Failure,2022-01-22 22:04:20,9.400000000000034
H,29.05000000000001,38.35000000000002,1505,43.6,78,0,No Failure,2022-01-22 22:04:35,9.300000000000011
H,29.150000000000034,38.450000000000045,1527,44.0,114,0,No Failure,2022-01-22 22:05:45,9.300000000000011
H,29.350000000000023,38.55000000000001,1394,46.7,130,0,No Failure,2022-01-22 22:06:15,9.199999999999989
H,29.350000000000023,38.450000000000045,1512,39.0,143,0,No Failure,2022-01-22 22:06:35,9.100000000000023
H,29.350000000000023,38.35000000000002,1538,44.3,43,0,No Failure,2022-01-22 22:10:30,9.0
H,29.350000000000023,38.35000000000002,1587,33.8,57,0,No Failure,2022-01-22 22:10:55,9.0
H,29.350000000000023,38.35000000000002,1453,48.0,124,0,No Failure,2022-01-22 22:13:05,9.0
H,29.350000000000023,38.25,1580,35.7,161,0,No Failure,2022-01-22 22:14:20,8.899999999999977
H,29.25,38.35000000000002,1421,43.8,182,0,No Failure,2022-01-22 22:15:00,9.100000000000023
H,29.25,38.35000000000002,1536,39.9,201,0,No Failure,2022-01-22 22:15:35,9.100000000000023
H,29.450000000000045,38.75,1419,50.2,51,0,No Failure,2022-01-22 22:18:20,9.299999999999955
H,29.25,38.55000000000001,1516,36.4,83,0,No Failure,2022-01-22 22:19:20,9.300000000000011
H,29.350000000000023,38.75,1524,40.4,124,0,No Failure,2022-01-22 22:20:45,9.399999999999977
H,29.650000000000034,38.950000000000045,1463,50.1,149,0,No Failure,2022-01-22 22:21:30,9.300000000000011
H,29.55000000000001,39.05000000000001,1639,30.0,161,0,No Failure,2022-01-22 22:21:50,9.5
H,29.55000000000001,38.85000000000002,2016,19.3,180,0,No Failure,2022-01-22 22:22:20,9.300000000000011
H,29.150000000000034,38.650000000000034,1434,39.5,18,0,No Failure,2022-01-22 22:24:00,9.5
H,29.05000000000001,38.55000000000001,1747,27.3,35,0,No Failure,2022-01-22 22:24:30,9.5
H,28.950000000000045,38.450000000000045,1388,58.5,68,0,No Failure,2022-01-22 22:25:35,9.5
H,28.650000000000034,38.450000000000045,1465,44.1,136,0,No Failure,2022-01-22 22:27:50,9.800000000000011
H,28.75,38.75,1474,35.7,175,0,No Failure,2022-01-22 22:29:05,10.0
H,28.950000000000045,38.85000000000002,1339,52.8,194,0,No Failure,2022-01-22 22:29:40,9.899999999999977
H,28.850000000000023,39.05000000000001,1602,32.7,19,0,No Failure,2022-01-22 22:31:00,10.199999999999989
H,28.950000000000045,39.150000000000034,2207,16.6,43,0,No Failure,2022-01-22 22:31:45,10.199999999999989
H,28.850000000000023,39.150000000000034,1597,39.2,66,0,No Failure,2022-01-22 22:32:30,10.300000000000011
H,28.75,39.150000000000034,1295,58.9,77,0,No Failure,2022-01-22 22:32:50,10.400000000000034
H,28.75,39.05000000000001,1518,35.0,90,0,No Failure,2022-01-22 22:33:10,10.300000000000011
H,28.650000000000034,39.05000000000001,2237,17.0,95,0,No Failure,2022-01-22 22:33:15,10.399999999999977
H,28.75,39.25,1387,42.7,121,0,No Failure,2022-01-22 22:34:05,10.5
H,28.75,39.150000000000034,1668,28.9,183,0,No Failure,2022-01-22 22:36:10,10.400000000000034
H,28.950000000000045,39.450000000000045,1417,53.4,0,0,No Failure,2022-01-22 22:37:10,10.5
H,28.450000000000045,38.950000000000045,1452,40.2,28,0,No Failure,2022-01-22 22:38:05,10.5
H,28.650000000000034,39.25,1453,44.6,38,0,No Failure,2022-01-22 22:38:20,10.599999999999966
H,28.55000000000001,39.150000000000034,1374,53.1,66,0,No Failure,2022-01-22 22:39:10,10.600000000000023
H,28.55000000000001,38.85000000000002,1981,19.9,99,0,No Failure,2022-01-22 22:40:15,10.300000000000011
H,28.650000000000034,39.05000000000001,1612,32.5,143,0,No Failure,2022-01-22 22:41:45,10.399999999999977
H,28.650000000000034,38.950000000000045,1698,24.8,156,0,No Failure,2022-01-22 22:42:05,10.300000000000011
H,28.350000000000023,38.450000000000045,1411,47.2,201,0,No Failure,2022-01-22 22:43:30,10.100000000000023
H,28.450000000000045,38.450000000000045,1419,39.6,3,0,No Failure,2022-01-22 22:43:50,10.0
H,28.350000000000023,38.35000000000002,1403,47.7,24,0,No Failure,2022-01-22 22:44:30,10.0
H,28.55000000000001,38.450000000000045,1631,32.6,43,0,No Failure,2022-01-22 22:45:05,9.900000000000034
H,28.450000000000045,38.450000000000045,1448,44.7,55,0,No Failure,2022-01-22 22:45:25,10.0
H,28.450000000000045,38.450000000000045,1830,26.2,78,0,No Failure,2022-01-22 22:46:10,10.0
H,28.450000000000045,38.35000000000002,1519,37.0,91,0,No Failure,2022-01-22 22:46:35,9.899999999999977
H,28.450000000000045,38.25,1510,42.8,124,0,No Failure,2022-01-22 22:47:40,9.799999999999955
H,28.55000000000001,38.35000000000002,1567,38.7,129,0,No Failure,2022-01-22 22:47:45,9.800000000000011
H,28.55000000000001,38.35000000000002,1476,43.1,134,0,No Failure,2022-01-22 22:47:50,9.800000000000011
H,28.450000000000045,38.25,1479,35.6,150,0,No Failure,2022-01-22 22:48:20,9.799999999999955
H,28.55000000000001,38.450000000000045,1505,40.6,179,0,No Failure,2022-01-22 22:49:15,9.900000000000034
H,28.55000000000001,38.150000000000034,1369,50.7,12,0,No Failure,2022-01-22 22:51:05,9.600000000000023
H,28.650000000000034,38.150000000000034,1777,30.1,38,0,No Failure,2022-01-22 22:51:55,9.5
H,28.75,38.35000000000002,1512,41.2,49,0,No Failure,2022-01-22 22:52:15,9.600000000000023
H,28.75,38.25,1457,43.8,69,0,No Failure,2022-01-22 22:52:50,9.5
H,28.150000000000034,37.55000000000001,1452,41.5,139,0,No Failure,2022-01-22 22:55:10,9.399999999999977
H,28.150000000000034,37.55000000000001,1582,30.8,144,0,No Failure,2022-01-22 22:55:15,9.399999999999977
H,28.05000000000001,37.75,1906,22.9,165,0,No Failure,2022-01-22 22:55:55,9.699999999999989
H,27.950000000000045,37.950000000000045,1426,42.7,64,0,No Failure,2022-01-22 22:59:40,10.0
H,27.75,37.650000000000034,1400,48.7,119,0,No Failure,2022-01-22 23:01:30,9.900000000000034
H,27.55000000000001,37.450000000000045,1433,49.6,129,0,No Failure,2022-01-22 23:01:45,9.900000000000034
H,27.650000000000034,37.55000000000001,1368,47.4,148,0,No Failure,2022-01-22 23:02:20,9.899999999999977
H,27.75,37.950000000000045,1447,51.4,185,0,No Failure,2022-01-22 23:03:30,10.200000000000045
H,28.05000000000001,38.25,1501,42.9,212,0,No Failure,2022-01-22 23:04:20,10.199999999999989
H,28.05000000000001,38.150000000000034,1408,42.5,0,0,No Failure,2022-01-22 23:04:40,10.100000000000023
H,27.850000000000023,37.950000000000045,1714,28.7,55,0,No Failure,2022-01-22 23:06:30,10.100000000000023
H,27.850000000000023,38.25,1881,21.9,102,0,No Failure,2022-01-22 23:08:00,10.399999999999977
H,27.850000000000023,38.35000000000002,1558,36.7,137,0,No Failure,2022-01-22 23:09:15,10.5
H,27.75,38.150000000000034,1535,43.9,154,0,No Failure,2022-01-22 23:09:50,10.400000000000034
H,27.650000000000034,38.05000000000001,1411,49.7,161,0,No Failure,2022-01-22 23:10:00,10.399999999999977
H,27.650000000000034,38.05000000000001,1573,33.3,168,0,No Failure,2022-01-22 23:10:10,10.399999999999977
H,27.650000000000034,38.05000000000001,1537,36.6,191,0,No Failure,2022-01-22 23:10:50,10.399999999999977
H,27.75,38.35000000000002,1549,42.8,208,0,No Failure,2022-01-22 23:11:20,10.600000000000023
H,27.55000000000001,38.150000000000034,1462,40.4,19,0,No Failure,2022-01-22 23:12:20,10.600000000000023
H,27.450000000000045,37.950000000000045,1531,36.8,62,0,No Failure,2022-01-22 23:13:50,10.5
H,27.650000000000034,38.450000000000045,1423,44.6,116,0,No Failure,2022-01-22 23:15:35,10.800000000000011
H,27.650000000000034,38.75,1427,47.2,168,0,No Failure,2022-01-22 23:17:15,11.099999999999966
H,27.950000000000045,39.450000000000045,1589,37.9,37,0,No Failure,2022-01-22 23:20:15,11.5
H,28.150000000000034,39.55000000000001,1432,47.7,61,0,No Failure,2022-01-22 23:21:05,11.399999999999977
H,27.950000000000045,39.25,1518,46.9,87,0,No Failure,2022-01-22 23:21:55,11.299999999999955
H,28.150000000000034,39.450000000000045,1801,23.6,97,0,No Failure,2022-01-22 23:22:10,11.300000000000011
H,28.150000000000034,39.450000000000045,1463,41.6,102,0,No Failure,2022-01-22 23:22:15,11.300000000000011
H,28.150000000000034,39.450000000000045,1339,53.4,123,0,No Failure,2022-01-22 23:22:55,11.300000000000011
H,28.05000000000001,39.25,1506,36.1,141,0,No Failure,2022-01-22 23:23:25,11.199999999999989
H,28.150000000000034,39.55000000000001,1655,29.9,193,0,No Failure,2022-01-22 23:25:10,11.399999999999977
H,27.950000000000045,39.35000000000002,1383,49.1,33,0,No Failure,2022-01-22 23:27:05,11.399999999999977
H,27.950000000000045,39.25,1377,56.7,50,0,No Failure,2022-01-22 23:27:35,11.299999999999955
H,28.05000000000001,39.35000000000002,1454,42.8,88,0,No Failure,2022-01-22 23:28:50,11.300000000000011
H,28.05000000000001,38.85000000000002,1777,27.5,151,0,No Failure,2022-01-22 23:30:50,10.800000000000011
H,28.25,39.05000000000001,1489,45.3,180,0,No Failure,2022-01-22 23:31:50,10.800000000000011
H,28.350000000000023,39.05000000000001,1397,45.2,2,0,No Failure,2022-01-22 23:32:55,10.699999999999989
H,28.25,39.150000000000034,2026,20.3,26,0,No Failure,2022-01-22 23:33:45,10.900000000000034
H,28.350000000000023,39.450000000000045,1351,53.5,78,0,No Failure,2022-01-22 23:35:30,11.100000000000023
H,28.25,39.25,1445,52.4,105,0,No Failure,2022-01-22 23:36:25,11.0
H,28.25,39.25,1427,50.7,122,0,No Failure,2022-01-22 23:36:55,11.0
H,28.25,39.35000000000002,1662,29.0,137,0,No Failure,2022-01-22 23:37:25,11.100000000000023
H,28.350000000000023,39.55000000000001,1454,50.3,175,0,No Failure,2022-01-22 23:38:40,11.199999999999989
H,28.350000000000023,39.450000000000045,1506,36.2,10,0,No Failure,2022-01-22 23:41:00,11.100000000000023
H,28.450000000000045,39.55000000000001,1500,36.7,17,0,No Failure,2022-01-22 23:41:10,11.099999999999966
H,28.450000000000045,39.35000000000002,1282,60.2,24,0,No Failure,2022-01-22 23:41:20,10.899999999999977
H,28.650000000000034,39.55000000000001,1468,38.7,39,0,No Failure,2022-01-22 23:41:45,10.899999999999977
H,28.55000000000001,39.55000000000001,1864,23.6,47,0,No Failure,2022-01-22 23:41:55,11.0
H,28.350000000000023,39.25,1679,27.5,59,0,No Failure,2022-01-22 23:42:15,10.899999999999977
H,28.450000000000045,39.55000000000001,1427,44.6,87,0,No Failure,2022-01-22 23:43:10,11.099999999999966
H,28.450000000000045,39.55000000000001,1535,33.3,92,0,No Failure,2022-01-22 23:43:15,11.099999999999966
H,28.350000000000023,39.450000000000045,1476,41.7,97,0,No Failure,2022-01-22 23:43:20,11.100000000000023
H,28.55000000000001,39.75,1329,59.2,121,0,No Failure,2022-01-22 23:44:05,11.199999999999989
H,28.450000000000045,39.950000000000045,1354,46.9,138,0,No Failure,2022-01-22 23:44:40,11.5
H,28.25,39.450000000000045,1715,30.8,203,0,No Failure,2022-01-22 23:46:45,11.200000000000045
H,28.150000000000034,39.450000000000045,1427,56.2,8,0,No Failure,2022-01-22 23:47:05,11.300000000000011
H,28.05000000000001,39.25,1319,54.6,15,0,No Failure,2022-01-22 23:47:15,11.199999999999989
H,28.150000000000034,39.35000000000002,1464,41.0,29,0,No Failure,2022-01-22 23:47:40,11.199999999999989
H,27.950000000000045,39.25,1485,40.4,75,0,No Failure,2022-01-22 23:49:20,11.299999999999955
H,27.950000000000045,39.450000000000045,1674,29.6,85,0,No Failure,2022-01-22 23:49:35,11.5
H,27.650000000000034,39.150000000000034,1785,25.4,139,0,No Failure,2022-01-22 23:51:25,11.5
H,27.75,39.150000000000034,1413,41.8,153,0,No Failure,2022-01-22 23:51:50,11.400000000000034
H,27.75,39.05000000000001,1495,35.8,175,0,No Failure,2022-01-22 23:52:30,11.300000000000011
H,28.05000000000001,39.450000000000045,1547,37.7,217,0,No Failure,2022-01-22 23:54:00,11.400000000000034
H,28.25,39.75,1438,46.7,41,0,Random Failures,2022-01-22 23:55:40,11.5
H,28.55000000000001,40.05000000000001,1335,49.0,62,0,No Failure,2022-01-22 23:56:20,11.5
H,28.55000000000001,40.25,1457,47.2,74,0,No Failure,2022-01-22 23:56:40,11.699999999999989
H,28.55000000000001,40.150000000000034,1670,27.3,81,0,No Failure,2022-01-22 23:56:50,11.600000000000023
H,28.55000000000001,40.150000000000034,1446,45.4,86,0,No Failure,2022-01-22 23:56:55,11.600000000000023
H,28.55000000000001,39.950000000000045,1490,43.1,159,0,No Failure,2022-01-22 23:59:30,11.400000000000034
H,28.650000000000034,39.950000000000045,1527,35.1,164,0,No Failure,2022-01-22 23:59:35,11.300000000000011
H,28.55000000000001,39.75,1389,46.5,186,0,No Failure,2022-01-23 00:00:20,11.199999999999989
H,28.75,39.75,1513,38.0,38,0,No Failure,2022-01-23 00:03:00,11.0
H,28.75,39.75,2140,16.5,43,0,No Failure,2022-01-23 00:03:05,11.0
H,28.950000000000045,40.05000000000001,1491,42.6,52,0,No Failure,2022-01-23 00:03:20,11.099999999999966
H,29.05000000000001,40.25,1395,47.8,90,0,No Failure,2022-01-23 00:04:40,11.199999999999989
H,28.850000000000023,40.05000000000001,1489,40.3,117,0,No Failure,2022-01-23 00:05:35,11.199999999999989
H,28.75,39.85000000000002,2129,17.8,173,0,No Failure,2022-01-23 00:07:25,11.100000000000023
H,28.75,39.85000000000002,1720,27.9,202,0,No Failure,2022-01-23 00:08:20,11.100000000000023
H,28.75,39.85000000000002,1397,42.7,212,0,No Failure,2022-01-23 00:08:35,11.100000000000023
H,28.650000000000034,39.75,1431,48.5,25,0,No Failure,2022-01-23 00:10:05,11.099999999999966
H,28.450000000000045,39.75,1604,30.5,45,0,No Failure,2022-01-23 00:10:45,11.299999999999955
H,28.05000000000001,39.450000000000045,1496,41.1,60,0,No Failure,2022-01-23 00:11:15,11.400000000000034
H,28.05000000000001,39.35000000000002,1426,44.3,73,0,No Failure,2022-01-23 00:11:40,11.300000000000011
H,28.350000000000023,39.85000000000002,1375,43.2,108,0,No Failure,2022-01-23 00:12:40,11.5
H,28.05000000000001,39.35000000000002,1432,43.6,127,0,No Failure,2022-01-23 00:13:20,11.300000000000011
H,27.950000000000045,39.35000000000002,1422,46.2,134,0,No Failure,2022-01-23 00:13:30,11.399999999999977
H,28.05000000000001,39.450000000000045,1662,28.8,162,0,No Failure,2022-01-23 00:14:30,11.400000000000034
H,28.150000000000034,39.75,1390,49.0,194,0,No Failure,2022-01-23 00:15:35,11.599999999999966
H,28.150000000000034,39.650000000000034,2141,18.5,204,0,No Failure,2022-01-23 00:15:50,11.5
H,28.25,39.650000000000034,2496,13.5,5,0,No Failure,2022-01-23 00:16:10,11.400000000000034
H,28.05000000000001,39.35000000000002,1515,36.8,27,0,No Failure,2022-01-23 00:16:55,11.300000000000011
H,27.850000000000023,39.05000000000001,1393,43.1,45,0,No Failure,2022-01-23 00:17:30,11.199999999999989
H,27.75,39.05000000000001,1364,49.6,50,0,No Failure,2022-01-23 00:17:35,11.300000000000011
H,27.350000000000023,38.650000000000034,1600,32.4,67,0,No Failure,2022-01-23 00:18:05,11.300000000000011
H,27.450000000000045,38.75,1679,31.2,120,0,No Failure,2022-01-23 00:19:55,11.299999999999955
H,27.450000000000045,38.85000000000002,1714,30.2,128,0,No Failure,2022-01-23 00:20:05,11.399999999999977
H,27.55000000000001,38.950000000000045,1353,47.1,143,0,No Failure,2022-01-23 00:20:35,11.400000000000034
H,27.850000000000023,39.25,1641,34.5,155,0,No Failure,2022-01-23 00:20:55,11.399999999999977
H,27.75,39.25,1497,37.0,162,0,No Failure,2022-01-23 00:21:05,11.5
H,27.05000000000001,38.55000000000001,1636,29.4,23,0,No Failure,2022-01-23 00:24:10,11.5
H,27.05000000000001,38.35000000000002,1329,48.9,30,0,No Failure,2022-01-23 00:24:20,11.300000000000011
H,26.950000000000045,38.25,1369,54.5,104,0,No Failure,2022-01-23 00:26:55,11.299999999999955
H,26.850000000000023,38.35000000000002,1336,56.8,136,0,No Failure,2022-01-23 00:28:00,11.5
H,26.950000000000045,38.450000000000045,1332,48.0,148,0,No Failure,2022-01-23 00:28:20,11.5
H,27.05000000000001,38.450000000000045,1434,48.4,153,0,No Failure,2022-01-23 00:28:25,11.400000000000034
H,27.05000000000001,38.450000000000045,1704,30.6,160,0,No Failure,2022-01-23 00:28:35,11.400000000000034
H,26.950000000000045,38.450000000000045,1791,28.0,168,0,No Failure,2022-01-23 00:28:45,11.5
H,27.05000000000001,38.650000000000034,1761,30.4,180,0,No Failure,2022-01-23 00:29:05,11.600000000000023
H,26.650000000000034,38.35000000000002,1294,55.8,202,0,No Failure,2022-01-23 00:29:45,11.699999999999989
H,26.75,38.450000000000045,1519,38.8,213,0,No Failure,2022-01-23 00:30:05,11.700000000000045
H,26.75,38.450000000000045,1615,33.0,221,0,No Failure,2022-01-23 00:30:15,11.700000000000045
H,26.75,38.35000000000002,1429,39.9,19,0,No Failure,2022-01-23 00:31:00,11.600000000000023
H,26.55000000000001,37.950000000000045,1435,45.6,37,0,No Failure,2022-01-23 00:31:30,11.400000000000034
H,26.650000000000034,37.950000000000045,1380,44.0,56,0,No Failure,2022-01-23 00:32:05,11.300000000000011
H,26.55000000000001,37.650000000000034,1422,40.7,85,0,No Failure,2022-01-23 00:32:55,11.100000000000023
H,26.55000000000001,37.55000000000001,1565,39.3,94,0,No Failure,2022-01-23 00:33:10,11.0
H,26.55000000000001,37.35000000000002,1453,40.4,108,0,No Failure,2022-01-23 00:33:35,10.800000000000011
H,26.450000000000045,37.35000000000002,1523,34.2,119,0,No Failure,2022-01-23 00:33:50,10.899999999999977
H,26.650000000000034,37.650000000000034,1437,48.2,164,0,No Failure,2022-01-23 00:35:15,11.0
H,26.650000000000034,37.650000000000034,1490,35.9,171,0,No Failure,2022-01-23 00:35:25,11.0
H,26.650000000000034,37.85000000000002,1530,38.3,53,0,No Failure,2022-01-23 00:38:25,11.199999999999989
H,26.650000000000034,37.650000000000034,1563,38.8,65,0,No Failure,2022-01-23 00:38:45,11.0
H,26.450000000000045,37.450000000000045,1593,33.3,95,0,No Failure,2022-01-23 00:39:40,11.0
H,26.350000000000023,37.25,1671,31.8,108,0,No Failure,2022-01-23 00:40:05,10.899999999999977
H,26.650000000000034,37.950000000000045,1704,30.7,150,0,No Failure,2022-01-23 00:41:25,11.300000000000011
H,26.75,38.150000000000034,1243,63.0,163,0,No Failure,2022-01-23 00:41:50,11.400000000000034
H,26.75,37.950000000000045,1324,54.6,185,0,No Failure,2022-01-23 00:42:35,11.200000000000045
H,26.450000000000045,37.55000000000001,1672,27.5,54,0,No Failure,2022-01-23 00:45:20,11.099999999999966
H,26.450000000000045,37.55000000000001,1463,39.1,66,0,No Failure,2022-01-23 00:45:40,11.099999999999966
H,26.350000000000023,37.450000000000045,1579,33.5,91,0,No Failure,2022-01-23 00:46:25,11.100000000000023
H,26.450000000000045,37.650000000000034,1279,55.9,152,0,No Failure,2022-01-23 00:48:30,11.199999999999989
H,26.150000000000034,37.450000000000045,1546,36.2,177,0,No Failure,2022-01-23 00:49:20,11.300000000000011
H,26.150000000000034,37.25,1631,29.8,0,0,No Failure,2022-01-23 00:50:10,11.099999999999966
H,26.150000000000034,37.150000000000034,1529,41.7,5,0,No Failure,2022-01-23 00:50:15,11.0
H,26.25,37.25,1512,35.3,51,0,No Failure,2022-01-23 00:51:50,11.0
H,26.350000000000023,37.25,2011,21.0,59,0,No Failure,2022-01-23 00:52:00,10.899999999999977
H,25.75,36.55000000000001,1545,35.9,120,0,No Failure,2022-01-23 00:54:10,10.800000000000011
H,25.150000000000034,35.75,1461,37.5,161,0,No Failure,2022-01-23 00:55:30,10.599999999999966
H,25.25,36.05000000000001,1359,46.9,199,0,No Failure,2022-01-23 00:56:45,10.800000000000011
H,25.150000000000034,35.85000000000002,1384,49.1,206,0,No Failure,2022-01-23 00:56:55,10.699999999999989
H,25.450000000000045,36.450000000000045,1480,39.8,19,0,No Failure,2022-01-23 00:58:15,11.0
H,25.350000000000023,36.25,1490,39.7,34,0,No Failure,2022-01-23 00:58:40,10.899999999999977
H,25.350000000000023,36.35000000000002,1557,39.1,47,0,No Failure,2022-01-23 00:59:05,11.0
H,25.150000000000034,36.150000000000034,1506,37.0,54,0,No Failure,2022-01-23 00:59:15,11.0
H,25.25,36.150000000000034,1771,27.4,100,0,No Failure,2022-01-23 01:00:50,10.900000000000034
H,25.150000000000034,36.150000000000034,1461,41.5,108,0,No Failure,2022-01-23 01:01:00,11.0
H,25.350000000000023,36.450000000000045,1355,58.9,138,0,No Failure,2022-01-23 01:02:00,11.100000000000023
H,25.150000000000034,36.450000000000045,1688,29.4,166,0,No Failure,2022-01-23 01:02:55,11.300000000000011
H,25.05000000000001,36.35000000000002,1524,41.4,192,0,No Failure,2022-01-23 01:03:45,11.300000000000011
H,25.150000000000034,36.55000000000001,1438,46.2,16,0,No Failure,2022-01-23 01:04:50,11.399999999999977
H,25.150000000000034,36.55000000000001,1569,33.9,93,0,No Failure,2022-01-23 01:07:30,11.399999999999977
H,25.05000000000001,36.450000000000045,1486,46.6,98,0,No Failure,2022-01-23 01:07:35,11.400000000000034
H,25.25,36.55000000000001,1429,37.6,118,0,No Failure,2022-01-23 01:08:15,11.300000000000011
H,25.25,36.55000000000001,1323,51.1,130,0,No Failure,2022-01-23 01:08:35,11.300000000000011
H,25.350000000000023,36.650000000000034,1824,24.0,179,0,No Failure,2022-01-23 01:10:10,11.300000000000011
H,25.350000000000023,36.450000000000045,1536,38.7,7,0,No Failure,2022-01-23 01:11:15,11.100000000000023
H,25.350000000000023,36.450000000000045,1481,38.8,14,0,No Failure,2022-01-23 01:11:25,11.100000000000023
H,25.150000000000034,36.35000000000002,1435,55.0,104,0,No Failure,2022-01-23 01:14:35,11.199999999999989
H,25.150000000000034,36.450000000000045,1376,53.5,112,0,No Failure,2022-01-23 01:14:45,11.300000000000011
H,25.25,36.55000000000001,1349,48.9,120,0,No Failure,2022-01-23 01:14:55,11.300000000000011
H,25.25,36.55000000000001,1623,33.8,127,0,No Failure,2022-01-23 01:15:05,11.300000000000011
H,25.150000000000034,36.55000000000001,1430,42.8,153,0,No Failure,2022-01-23 01:15:50,11.399999999999977
H,25.25,36.55000000000001,1726,26.8,158,0,No Failure,2022-01-23 01:15:55,11.300000000000011
H,25.25,36.650000000000034,1324,53.5,169,0,No Failure,2022-01-23 01:16:15,11.400000000000034
H,25.150000000000034,36.650000000000034,1564,38.0,191,0,No Failure,2022-01-23 01:16:55,11.5
H,25.25,36.75,1645,30.8,196,0,No Failure,2022-01-23 01:17:00,11.5
H,25.75,36.75,1416,39.6,45,0,No Failure,2022-01-23 01:18:50,11.0
H,25.850000000000023,36.950000000000045,1557,36.4,65,0,No Failure,2022-01-23 01:19:25,11.100000000000023
H,25.950000000000045,37.150000000000034,1332,51.0,72,0,No Failure,2022-01-23 01:19:35,11.199999999999989
H,25.850000000000023,37.05000000000001,1520,37.9,89,0,No Failure,2022-01-23 01:20:05,11.199999999999989
H,25.25,36.450000000000045,1461,40.1,126,0,No Failure,2022-01-23 01:21:15,11.200000000000045
H,25.25,36.55000000000001,1522,46.3,146,0,No Failure,2022-01-23 01:21:50,11.300000000000011
H,24.950000000000045,36.05000000000001,1527,42.2,199,0,No Failure,2022-01-23 01:23:40,11.099999999999966
H,25.150000000000034,36.150000000000034,1935,19.3,24,0,No Failure,2022-01-23 01:25:00,11.0
H,24.55000000000001,35.25,1661,34.2,109,0,No Failure,2022-01-23 01:27:55,10.699999999999989
H,25.05000000000001,35.75,1450,37.2,151,0,No Failure,2022-01-23 01:29:20,10.699999999999989
H,25.05000000000001,35.85000000000002,1435,43.0,202,0,No Failure,2022-01-23 01:31:05,10.800000000000011
H,25.350000000000023,36.25,1793,23.9,28,0,No Failure,2022-01-23 01:32:35,10.899999999999977
H,25.25,36.05000000000001,1585,46.2,37,0,No Failure,2022-01-23 01:32:50,10.800000000000011
H,25.150000000000034,36.25,1864,23.1,90,0,No Failure,2022-01-23 01:34:35,11.099999999999966
H,25.05000000000001,36.150000000000034,1453,45.8,105,0,No Failure,2022-01-23 01:35:00,11.100000000000023
H,25.05000000000001,36.25,2182,17.3,119,0,No Failure,2022-01-23 01:35:25,11.199999999999989
H,24.950000000000045,36.05000000000001,1790,30.3,128,0,No Failure,2022-01-23 01:35:40,11.099999999999966
H,25.05000000000001,35.950000000000045,1770,27.2,140,0,No Failure,2022-01-23 01:36:00,10.900000000000034
H,25.150000000000034,35.950000000000045,1554,42.4,158,0,No Failure,2022-01-23 01:36:35,10.800000000000011
H,24.950000000000045,35.75,1365,54.0,174,0,No Failure,2022-01-23 01:37:05,10.799999999999955
H,25.150000000000034,35.950000000000045,1477,52.3,2,0,No Failure,2022-01-23 01:38:15,10.800000000000011
H,25.150000000000034,36.05000000000001,1653,31.4,9,0,No Failure,2022-01-23 01:38:25,10.899999999999977
H,25.450000000000045,36.55000000000001,1659,32.1,49,0,No Failure,2022-01-23 01:39:40,11.099999999999966
H,25.450000000000045,36.450000000000045,1463,46.7,85,0,No Failure,2022-01-23 01:40:55,11.0
H,25.55000000000001,36.650000000000034,1404,50.3,97,0,No Failure,2022-01-23 01:41:15,11.100000000000023
H,25.25,36.25,1487,46.2,150,0,No Failure,2022-01-23 01:43:10,11.0
H,25.350000000000023,36.35000000000002,1671,28.0,158,0,No Failure,2022-01-23 01:43:20,11.0
H,25.450000000000045,36.650000000000034,1385,44.4,181,0,No Failure,2022-01-23 01:44:00,11.199999999999989
H,25.650000000000034,36.75,1650,32.2,195,0,No Failure,2022-01-23 01:44:25,11.099999999999966
H,25.75,36.950000000000045,1435,44.7,8,0,No Failure,2022-01-23 01:44:55,11.200000000000045
H,25.55000000000001,36.650000000000034,1469,43.7,96,0,No Failure,2022-01-23 01:48:00,11.100000000000023
H,26.05000000000001,36.650000000000034,1436,51.9,153,0,No Failure,2022-01-23 01:49:55,10.600000000000023
H,26.150000000000034,36.85000000000002,1823,25.9,181,0,No Failure,2022-01-23 01:50:50,10.699999999999989
H,26.150000000000034,36.85000000000002,1379,43.2,0,0,No Failure,2022-01-23 01:51:30,10.699999999999989
H,26.150000000000034,36.85000000000002,1470,38.4,10,0,No Failure,2022-01-23 01:51:45,10.699999999999989
H,26.05000000000001,36.55000000000001,1520,35.7,40,0,No Failure,2022-01-23 01:52:45,10.5
H,26.05000000000001,36.650000000000034,1606,39.9,53,0,No Failure,2022-01-23 01:53:10,10.600000000000023
H,26.05000000000001,36.650000000000034,1470,43.3,61,0,No Failure,2022-01-23 01:53:20,10.600000000000023
H,26.05000000000001,36.85000000000002,1524,39.1,100,0,No Failure,2022-01-23 01:54:40,10.800000000000011
H,26.150000000000034,36.950000000000045,1646,30.2,125,0,No Failure,2022-01-23 01:55:25,10.800000000000011
H,26.350000000000023,37.25,1573,33.6,143,0,No Failure,2022-01-23 01:56:00,10.899999999999977
H,26.350000000000023,37.25,1417,41.2,155,0,No Failure,2022-01-23 01:56:20,10.899999999999977
H,26.350000000000023,36.950000000000045,2051,19.0,184,0,No Failure,2022-01-23 01:57:20,10.600000000000023
H,26.350000000000023,36.75,1500,40.3,207,0,No Failure,2022-01-23 01:58:05,10.399999999999977
H,26.350000000000023,36.85000000000002,1531,30.8,212,0,No Failure,2022-01-23 01:58:10,10.5
H,26.25,36.75,1577,37.1,0,0,No Failure,2022-01-23 01:58:20,10.5
H,26.150000000000034,36.75,1706,31.8,8,0,No Failure,2022-01-23 01:58:30,10.599999999999966
H,25.55000000000001,36.25,1418,51.9,77,0,No Failure,2022-01-23 02:00:50,10.699999999999989
H,25.55000000000001,36.25,1288,49.5,91,0,No Failure,2022-01-23 02:01:15,10.699999999999989
H,25.55000000000001,36.25,1738,27.7,96,0,No Failure,2022-01-23 02:01:20,10.699999999999989
H,25.55000000000001,36.150000000000034,1488,41.0,101,0,No Failure,2022-01-23 02:01:25,10.600000000000023
H,25.350000000000023,35.950000000000045,1548,38.2,117,0,No Failure,2022-01-23 02:01:55,10.600000000000023
H,25.25,35.75,1390,52.0,131,0,No Failure,2022-01-23 02:02:15,10.5
H,25.450000000000045,36.05000000000001,2071,18.5,144,0,No Failure,2022-01-23 02:02:35,10.599999999999966
H,25.55000000000001,36.05000000000001,1489,43.0,151,0,No Failure,2022-01-23 02:02:45,10.5
H,25.55000000000001,36.05000000000001,1526,40.1,165,0,No Failure,2022-01-23 02:03:10,10.5
H,25.75,36.25,1637,34.5,191,0,No Failure,2022-01-23 02:04:00,10.5
H,25.950000000000045,36.25,1515,43.8,6,0,No Failure,2022-01-23 02:04:45,10.299999999999955
H,26.05000000000001,36.650000000000034,1837,28.4,34,0,No Failure,2022-01-23 02:05:40,10.600000000000023
H,25.850000000000023,36.650000000000034,1411,53.8,73,0,No Failure,2022-01-23 02:06:55,10.800000000000011
H,25.950000000000045,36.75,1388,53.5,83,0,No Failure,2022-01-23 02:07:10,10.799999999999955
H,25.850000000000023,36.55000000000001,1536,39.6,99,0,No Failure,2022-01-23 02:07:35,10.699999999999989
H,26.05000000000001,36.85000000000002,1360,56.8,107,0,No Failure,2022-01-23 02:07:45,10.800000000000011
H,26.450000000000045,37.25,1439,47.1,149,0,No Failure,2022-01-23 02:09:10,10.799999999999955
H,26.75,37.450000000000045,1600,33.5,175,0,No Failure,2022-01-23 02:09:55,10.700000000000045
H,26.650000000000034,37.450000000000045,1309,57.4,185,0,No Failure,2022-01-23 02:10:10,10.800000000000011
H,26.75,37.450000000000045,1546,35.3,190,0,No Failure,2022-01-23 02:10:15,10.700000000000045
H,27.150000000000034,37.85000000000002,1373,44.8,221,0,No Failure,2022-01-23 02:11:15,10.699999999999989
H,26.950000000000045,37.75,1443,40.3,0,0,No Failure,2022-01-23 02:11:25,10.799999999999955
H,27.05000000000001,37.950000000000045,1542,36.1,5,0,No Failure,2022-01-23 02:11:30,10.900000000000034
H,27.150000000000034,38.25,1548,41.6,25,0,No Failure,2022-01-23 02:12:10,11.099999999999966
H,26.850000000000023,38.150000000000034,1658,27.6,69,0,No Failure,2022-01-23 02:13:40,11.300000000000011
H,26.950000000000045,38.25,1405,53.6,86,0,No Failure,2022-01-23 02:14:10,11.299999999999955
H,27.25,38.650000000000034,1585,31.4,149,0,No Failure,2022-01-23 02:16:15,11.400000000000034
H,27.55000000000001,38.650000000000034,1418,46.6,197,0,No Failure,2022-01-23 02:17:50,11.100000000000023
H,27.150000000000034,38.25,1510,45.5,27,0,No Failure,2022-01-23 02:19:00,11.099999999999966
H,26.850000000000023,37.950000000000045,1432,50.0,45,0,No Failure,2022-01-23 02:19:35,11.100000000000023
H,26.850000000000023,38.05000000000001,1637,38.0,68,0,No Failure,2022-01-23 02:20:20,11.199999999999989
H,26.850000000000023,37.950000000000045,1555,38.6,118,0,No Failure,2022-01-23 02:22:00,11.100000000000023
H,26.850000000000023,37.85000000000002,1569,34.3,132,0,No Failure,2022-01-23 02:22:20,11.0
H,26.850000000000023,37.950000000000045,2053,19.7,137,0,No Failure,2022-01-23 02:22:25,11.100000000000023
H,26.950000000000045,37.950000000000045,1421,41.2,149,0,No Failure,2022-01-23 02:22:45,11.0
H,27.150000000000034,38.25,1393,44.9,162,0,No Failure,2022-01-23 02:23:10,11.099999999999966
H,26.950000000000045,37.85000000000002,1657,33.1,187,0,No Failure,2022-01-23 02:24:05,10.899999999999977
H,26.950000000000045,37.85000000000002,1431,49.5,205,0,No Failure,2022-01-23 02:24:35,10.899999999999977
H,26.850000000000023,37.85000000000002,1458,44.9,221,0,No Failure,2022-01-23 02:25:05,11.0
H,26.850000000000023,38.05000000000001,1744,31.5,0,0,No Failure,2022-01-23 02:26:00,11.199999999999989
H,26.75,37.75,1376,51.0,32,0,No Failure,2022-01-23 02:27:00,11.0
H,26.950000000000045,37.950000000000045,1429,42.9,96,0,No Failure,2022-01-23 02:29:15,11.0
H,26.850000000000023,37.85000000000002,1387,45.2,110,0,No Failure,2022-01-23 02:29:40,11.0
H,26.650000000000034,37.650000000000034,1911,21.6,126,0,No Failure,2022-01-23 02:30:10,11.0
H,26.75,37.950000000000045,1458,44.3,156,0,No Failure,2022-01-23 02:31:10,11.200000000000045
H,26.650000000000034,37.950000000000045,1483,45.4,192,0,No Failure,2022-01-23 02:32:25,11.300000000000011
H,26.350000000000023,37.55000000000001,1561,35.3,208,0,No Failure,2022-01-23 02:32:55,11.199999999999989
H,26.450000000000045,37.450000000000045,1449,42.5,16,0,No Failure,2022-01-23 02:33:50,11.0
H,26.450000000000045,37.35000000000002,1584,31.8,27,0,No Failure,2022-01-23 02:34:10,10.899999999999977
H,26.450000000000045,37.35000000000002,1375,41.0,39,0,No Failure,2022-01-23 02:34:30,10.899999999999977
H,26.55000000000001,37.55000000000001,1311,54.5,52,0,No Failure,2022-01-23 02:34:50,11.0
H,26.650000000000034,37.75,1466,44.6,66,0,No Failure,2022-01-23 02:35:15,11.099999999999966
H,26.55000000000001,37.55000000000001,1697,29.8,74,0,No Failure,2022-01-23 02:35:25,11.0
H,26.450000000000045,37.35000000000002,1420,50.4,82,0,No Failure,2022-01-23 02:35:35,10.899999999999977
H,26.350000000000023,37.25,1573,36.0,97,0,No Failure,2022-01-23 02:36:00,10.899999999999977
H,26.350000000000023,37.25,1414,46.7,102,0,No Failure,2022-01-23 02:36:05,10.899999999999977
H,26.25,37.150000000000034,1694,30.9,111,0,No Failure,2022-01-23 02:36:20,10.900000000000034
H,26.350000000000023,37.150000000000034,1421,50.3,124,0,No Failure,2022-01-23 02:36:40,10.800000000000011
H,26.25,37.150000000000034,1984,19.2,132,0,No Failure,2022-01-23 02:36:50,10.900000000000034
H,26.150000000000034,36.950000000000045,1430,40.9,162,0,No Failure,2022-01-23 02:37:50,10.800000000000011
H,26.150000000000034,37.05000000000001,1486,42.4,16,0,No Failure,2022-01-23 02:40:00,10.899999999999977
H,26.150000000000034,36.950000000000045,1484,37.0,28,0,No Failure,2022-01-23 02:40:20,10.800000000000011
H,26.350000000000023,37.05000000000001,1568,40.6,39,0,No Failure,2022-01-23 02:40:40,10.699999999999989
H,26.450000000000045,37.25,1362,45.3,56,0,No Failure,2022-01-23 02:41:10,10.799999999999955
H,26.55000000000001,37.450000000000045,1755,26.9,73,0,No Failure,2022-01-23 02:41:40,10.900000000000034
H,26.850000000000023,37.75,1884,25.6,100,0,No Failure,2022-01-23 02:42:30,10.899999999999977
H,26.650000000000034,37.55000000000001,1461,55.1,118,0,No Failure,2022-01-23 02:43:00,10.899999999999977
H,26.55000000000001,37.450000000000045,1654,34.3,136,0,No Failure,2022-01-23 02:43:35,10.900000000000034
H,26.650000000000034,37.450000000000045,1516,40.2,152,0,No Failure,2022-01-23 02:44:05,10.800000000000011
H,26.75,37.55000000000001,1407,48.6,161,0,No Failure,2022-01-23 02:44:20,10.800000000000011
H,26.55000000000001,37.05000000000001,1449,42.3,182,0,No Failure,2022-01-23 02:45:00,10.5
H,26.55000000000001,37.150000000000034,1402,45.3,190,0,No Failure,2022-01-23 02:45:10,10.600000000000023
H,26.350000000000023,36.55000000000001,1450,43.9,28,0,No Failure,2022-01-23 02:46:40,10.199999999999989
H,26.450000000000045,36.650000000000034,1566,39.1,36,0,No Failure,2022-01-23 02:46:50,10.199999999999989
H,26.25,36.25,1479,39.2,58,0,No Failure,2022-01-23 02:47:25,10.0
H,26.150000000000034,36.05000000000001,1534,33.2,75,0,No Failure,2022-01-23 02:48:00,9.899999999999977
H,26.150000000000034,35.950000000000045,2636,12.8,84,0,No Failure,2022-01-23 02:48:15,9.800000000000011
H,26.25,35.950000000000045,1891,24.7,158,0,No Failure,2022-01-23 02:50:50,9.700000000000045
H,26.350000000000023,36.05000000000001,1563,44.6,163,0,No Failure,2022-01-23 02:50:55,9.699999999999989
H,26.450000000000045,36.150000000000034,1377,52.1,181,0,No Failure,2022-01-23 02:51:30,9.699999999999989
H,26.55000000000001,36.25,1432,42.8,197,0,No Failure,2022-01-23 02:52:00,9.699999999999989
H,26.55000000000001,36.35000000000002,1572,35.6,202,0,No Failure,2022-01-23 02:52:05,9.800000000000011
H,26.75,36.25,1632,31.8,17,0,No Failure,2022-01-23 02:53:00,9.5
H,26.850000000000023,36.55000000000001,1408,48.5,25,0,No Failure,2022-01-23 02:53:10,9.699999999999989
